gotsport_team_id,display_name,club,state,team_association_raw,region,country,age_group,gender
42161270,Raiders FC 2015,Raiders FC,IL,IL,2,USA,U11,M
42158964,SASA Spirits 2015B 1984,SASA Spirits SC,IL,IL,2,USA,U11,M
42163321,SLSG IL B 2015 Academy Red,St. Louis Scott Gallagher,IL,IL,2,USA,U11,M
42158932,SASA Spirits 2015B Blue,SASA Spirits SC,IL,IL,2,USA,U11,M
42160406,EMSSC 2015 Panthers,East Moline Silvis Soccer Club,IL,IL,2,USA,U11,M
42164506,Deportivo 59 FC 2015B Premier,Deportivo 59 FC,IL,IL,2,USA,U11,M
42159642,Morton United FC 2015 Boys RED,Morton United FC,IL,IL,2,USA,U11,M
42161929,Metro Alliance FC 2015B Premier,Metro Alliance FC ,IL,IL,2,USA,U11,M
42160267,Chicago Inter Soccer 2015B Red South,Chicago Inter,IL,IL,2,USA,U11,M
42160769,JGSA 15 Boys Black,John Gaspar Soccer Academy,IL,IL,2,USA,U11,M
42159133,Glen-Ed SC 15B United I,Glen-Ed SC,IL,IL,2,USA,U11,M
42161125,PFCU 2015 Dortmund Boys,Central Illinois United,IL,IL,2,USA,U11,M
42160794,LASC 2015 Boys Elite,Lindenhurst Area Soccer Club,IL,IL,2,USA,U11,M
42161124,PFCU 2015 Schalke Boys,Central Illinois United,IL,IL,2,USA,U11,M
42159108,FC Central Illinois 2015B Select,FC Central Illinois,IL,IL,2,USA,U11,M
42159134,Glen-Ed SC 15B Elite,Glen-Ed SC,IL,IL,2,USA,U11,M
42163862,Quad Cities Rush 2015,,IL,IL,2,USA,U11,M
42159929,MidState 2015 Boys,MidState Soccer Club,IL,IL,2,USA,U11,M
42159271,Illinois FC 2015 Boys Blue,Illinois FC,IL,IL,2,USA,U11,M
42160994,Sockers FC 2015 White,Sockers FC,IL,IL,2,USA,U11,M
42159247,Metro Alliance FC 2015B Southern IL Navy,Metro Alliance FC ,IL,IL,2,USA,U11,M
42161754,Evolution 2015 Boys Mercurial South,Evolution SC,IL,IL,2,USA,U11,M
42160731,GSC 2015 Boys (Green),Geneseo Soccer Club,IL,IL,2,USA,U11,M
42171934,SLSG IL B 2015 Academy Black,St. Louis Scott Gallagher,IL,IL,2,USA,U11,M
42158264,Metro Alliance FC 2015B Elite,Metro Alliance FC ,IL,IL,2,USA,U11,M
42159709,PFCU 2015 Leipzig Boys,Central Illinois United,IL,IL,2,USA,U11,M
42159485,SJFC 15/16 BOYS,St. Joseph Futbol Club - Spartans,IL,IL,2,USA,U11,M
42159544,LSC 2015,Limestone Soccer Club,IL,IL,2,USA,U11,M
42163840,INTER EMSSC,East Moline Silvis Soccer Club,IL,IL,2,USA,U11,M
42159350,Sangamo United FC 2015B Venom,Sangamo United FC,IL,IL,2,USA,U11,M
42160770,JGSA 15 Boys White,John Gaspar Soccer Academy,IL,IL,2,USA,U11,M
42159272,Illinois FC 2015 Boys Orange,Illinois FC,IL,IL,2,USA,U11,M
42160592,Roadrunners SC B2015 Pre-ECNL,Roadrunners SC,IL,IL,2,USA,U11,M
42160390,2015-2016 Boys,Pekin Pride Soccer,IL,IL,2,USA,U11,M
42159710,PFCU 2015 Bayern Boys,Central Illinois United,IL,IL,2,USA,U11,M
42159551,Jax United 2015 / 2016,Jacksonville United Soccer Club,IL,IL,2,USA,U11,M
42158476,Arcola FC 15/16B,Arcola FC ,IL,IL,2,USA,U11,M
42160143,Roadrunners SC B2016 Select I,Roadrunners SC,IL,IL,2,USA,U11,M
42164840,Astra 2015/16,Astra Soccer Academy,IL,IL,2,USA,U11,M
42176178,Mayas FC 2016 Premier,FC Mayas,IL,IL,2,USA,U11,M
42164758,WCOB FC 2015,Cadence SFC,IL,IL,2,USA,U11,M
42161762,Bloomingdale Lightning Select 15b,BLFC,IL,IL,2,USA,U11,M
42161599,Legion FC 2015 A2,Chicago Legion FC,IL,IL,2,USA,U11,M
42160124,GESC 2015 Chicho Cuevas,Golden Eagles Soccer Club ,IL,IL,2,USA,U11,M
42162600,Chicago Blast 2015 Select Boys,Chicago Blast,IL,IL,2,USA,U11,M
42159524,2015B Fire Soccer Club Gray,Germantown Hills Athletic Association,IL,IL,2,USA,U11,M
42163680,Inter AC 2015 Yellow,Inter AC,IL,IL,2,USA,U11,M
42165096,2015 Chicago Rush South Blue Boys,Chicago Rush Soccer Club,IL,IL,2,USA,U11,M
42161763,Bloomingdale Lightning White 15b,BLFC,IL,IL,2,USA,U11,M
42158922,Team Mascoutah 2015B,Team Mascoutah Soccer Club,IL,IL,2,USA,U11,M
42160699,Quad Cities Rush 2015 Boys Azul,Quad Cities Rush,IL,IL,2,USA,U11,M
42164561,Gallardo Academy 2015,Gallardo Futbol Club,IL,IL,2,USA,U11,M
42158692,Gateway Rush - 2015 Boys United,Gateway Rush Soccer Club,IL,IL,2,USA,U11,M
42159639,2015B Fire Soccer Club Black,Germantown Hills Athletic Association,IL,IL,2,USA,U11,M
42163546,CFYSC 2015B Premier Red,Chicago Fire Youth SC (CFYSC),IL,IL,2,USA,U11,M
42176834,FC Central IL 2015 B Select,Central Illinois United,IL,IL,2,USA,U11,M
42163347,FSC - 2015 Boys Black,Firebirds SC,IL,IL,2,USA,U11,M
42161298,PSG ACADEMY LEMONT U11,PSG Academy Chicago,IL,IL,2,USA,U11,M
42160866,Palatine Celtic 2015B Black,Palatine Celtic SC,IL,IL,2,USA,U11,M
42175167,Allegiant FC 2015,Allegiant FC,IL,IL,2,USA,U11,M
42159223,MSC11B Purple,Monticello Soccer Club,IL,IL,2,USA,U11,M
42161678,Mayas FC 2015,FC Mayas,IL,IL,2,USA,U11,M
42159180,Metro Alliance Irish FC 2015B,Metro Alliance Irish FC,IL,IL,2,USA,U11,M
42162443,ECS 2015 B Elite,Elmhurst City Surf,IL,IL,2,USA,U11,M
42160160,Quincy Rush 2015-2016B,Quincy Rush Soccer Club,IL,IL,2,USA,U11,M
42160956,Sockers FC 2015 Blue,Sockers FC,IL,IL,2,USA,U11,M
42163469,Roadrunners SC B2015 Select II,Roadrunners SC,IL,IL,2,USA,U11,M
42159109,FC Central Illinois 2015 B Royal,FC Central Illinois,IL,IL,2,USA,U11,M
42160796,Sterling United 2015-2016,Sterling United,IL,IL,2,USA,U11,M
42161639,EGSC 2015 ELITE BOYS,EGSC Elk Grove Soccer Club,IL,IL,2,USA,U11,M
42159525,2015B Fire Soccer Club Red,Germantown Hills Athletic Association,IL,IL,2,USA,U11,M
42163541,Metro Alliance FC 2016/2015B Premier,Metro Alliance FC ,IL,IL,2,USA,U11,M
42164040,UA 2015,UA (Ukrainian Soccer Academy),IL,IL,2,USA,U11,M
42164962,AJFC 2015 SS,Young Sportsmen's Soccer League,IL,IL,2,USA,U11,M
42158976,SASA Spirits 2015B North,SASA Spirits SC,IL,IL,2,USA,U11,M
42161238,2015 Black,Galaxy SC,IL,IL,2,USA,U11,M
42177350,Rockford Raptors FC B2015 Pre ECNL,,IL,IL,2,USA,U11,M
42174892,Ajax FC Naperville 2014 Boys White 2,Ajax FC Naperville,IL,IL,2,USA,U11,M
42161703,VC Academy U11,,IL,IL,2,USA,U11,M
42163200,Atletico Soledad 2015,Atletico Soledad,IL,IL,2,USA,U11,M
42164687,West Chicago F.C. - 2015,West Chicago FC,IL,IL,2,USA,U11,M
42165278,AUSA 2015s Select,Aurora USA Soccer Academy ,IL,IL,2,USA,U11,M
42159455,Metro Alliance FC 2015B Navy,Metro Alliance FC ,IL,IL,2,USA,U11,M
42175347,scorpions fc,,IL,IL,2,USA,U11,M
42176383,Ajax FC Naperville 2015 Boys Red 1,Ajax FC Naperville,IL,IL,2,USA,U11,M
42176925,OSU U11 2015,Orion Sherrard United,IL,IL,2,USA,U11,M
42163168,Lakers FC 2015B Premier,Glen Ellyn Lakers,IL,IL,2,USA,U11,M
42163640,Legion FC 2015 A3,Chicago Legion FC,IL,IL,2,USA,U11,M
42160954,CFYSC 2015B Select Red,Chicago Fire Youth SC (CFYSC),IL,IL,2,USA,U11,M
42176177,AJFC-2015,Aurora Juventud Futbol Club,IL,IL,2,USA,U11,M
42161458,Chicago Empire 2015 Gold Boys,Chicago Empire FC,IL,IL,2,USA,U11,M
42164038,AUSA 2015s Premier,Aurora USA Soccer Academy ,IL,IL,2,USA,U11,M
42163903,Bloomingdale Lightning Yellow 15b,BLFC,IL,IL,2,USA,U11,M
42160953,CFYSC 2015B Premier White,Chicago Fire Youth SC (CFYSC),IL,IL,2,USA,U11,M
42176586,Chicago Empire FC 2015 Pre-EA,Chicago Empire FC,IL,IL,2,USA,U11,M
42163518,Windy City FC - U10,Windy City FC,IL,IL,2,USA,U11,M
42161901,Hussars United 2015B,Hussars United,IL,IL,2,USA,U11,M
42176174,Bloomingdale Lightning Pre-ECNL/Prem 15b,Bloomingdale Lightning FC,IL,IL,2,USA,U11,M
42166693,Chicago Inferno 2016B PREMIER,Chicago Inferno,IL,IL,2,USA,U11,M
42176902,2015 Pre-ECNL Naperville Boys,Eclipse Select Soccer Club,IL,IL,2,USA,U11,M
42164074,Leo soccer,,IL,IL,2,USA,U11,M
42159848,Chicago Empire FC South 2015 Gold Boys,Chicago Empire FC,IL,IL,2,USA,U11,M
42161259,CHICAGO INFERNO 2015B PRE-NL CLUB,Chicago Inferno,IL,IL,2,USA,U11,M
42163015,ECS 2015 B Blue,Elmhurst City Surf,IL,IL,2,USA,U11,M
42160467,Carol Stream Panthers 2015 Pre-Academy 1,Carol Stream Panthers SC,IL,IL,2,USA,U11,M
42163505,Wheaton United 2015B Academy Red,Wheaton United SC,IL,IL,2,USA,U11,M
42176799,FC Lions 2015,UASC Lions,IL,IL,2,USA,U11,M
42161116,AAC EAGLES CHICAGO 2015 WHITE,AAC Eagles,IL,IL,2,USA,U11,M
42176236,Midway Soccer Club 2015,Midway Soccer Club,IL,IL,2,USA,U11,M
42163624,Tinley Park Bobcats 2015 Black,Tinley Park Bobcats,IL,IL,2,USA,U11,M
42161339,Barça Academy Chicago 2015 Grana,Barca Academy Chicago,IL,IL,2,USA,U11,M
42160709,Plainfield United SC 2015B Premier II,United Elite,IL,IL,2,USA,U11,M
42163744,Chicago Edge B2015 Select,Chicago Edge SC,IL,IL,2,USA,U11,M
42173168,FC Stars 2015 Boys,FC Stars (IL),IL,IL,2,USA,U11,M
42159250,Metro Alliance FC 2015B Southern IL Red,Metro Alliance FC ,IL,IL,2,USA,U11,M
42176909,PSG ACADEMY CHICAGO 2015 BOYS PRE-ACADEMY,PSG Academy Chicago,IL,IL,2,USA,U11,M
42163881,PRSC 2015 B Orange I,Park Ridge SC,IL,IL,2,USA,U11,M
42163661,Sockers FC 2015 Orange,Sockers FC,IL,IL,2,USA,U11,M
42160887,Orland Park Sting FC 2015 Premier,Orland Park Sting FC,IL,IL,2,USA,U11,M
42177460,IP-NUFC 2015 Boys Black,Northern United FC,IL,IL,2,USA,U11,M
42163843,FORCE 2015B PREMIER BLUE,Crystal Lake Soccer Federation,IL,IL,2,USA,U11,M
42160985,KICS FC (CITY) 2015 BLUE,Chicago KICS Football Club,IL,IL,2,USA,U11,M
42164573,Wisloka Soccer Academy White 2015,Wisloka Chicago Soccer Academy,IL,IL,2,USA,U11,M
42162974,Deportivo 59 FC 2016B Premier,Deportivo 59 FC,IL,IL,2,USA,U11,M
42161441,DSC Panthers 15/16,Dixon Soccer Club,IL,IL,2,USA,U11,M
42177080,Chicago Celtic SC 2015 Green,,IL,IL,2,USA,U11,M
42164661,Aurora Eagles 2015,Aurora Eagles SC,IL,IL,2,USA,U11,M
42175985,Deportivo 59 FC 2015B Elite,Deportivo 59 FC,IL,IL,2,USA,U11,M
42176842,Ela 2015 Boys Elite Premier,Ela Soccer Club,IL,IL,2,USA,U11,M
42164824,Hussars United U2015 Gold,Hussars United,IL,IL,2,USA,U11,M
42163662,Sockers FC 2015 Black,Sockers FC,IL,IL,2,USA,U11,M
42176936,Wolfpack 2015,Young Sportsmen's Soccer League,IL,IL,2,USA,U11,M
42163741,Chicago Edge B2015 Premier,Chicago Edge SC,IL,IL,2,USA,U11,M
42158928,Metro Alliance FC 2015B Red,Metro Alliance FC ,IL,IL,2,USA,U11,M
42159280,Gateway Rush 2015 Boys Premier,Gateway Rush Soccer Club,IL,IL,2,USA,U11,M
42175332,Rockford Raptors B2015,Rockford Raptors FC,IL,IL,2,USA,U11,M
42160974,PRSC 2015 B Orange I,Park Ridge SC,IL,IL,2,USA,U11,M
42176402,FC Lake County 2015 Boys Select 2 Blue,FC Lake County,IL,IL,2,USA,U11,M
42175332,Rockford Raptors B2015,Rockford Raptors FC,IL,IL,2,USA,U11,M
42160974,PRSC 2015 B Orange I,Park Ridge SC,IL,IL,2,USA,U11,M
42175332,Rockford Raptors B2015,Rockford Raptors FC,IL,IL,2,USA,U11,M
42163468,Barça Academy 2015,Barca Academy Chicago,IL,IL,2,USA,U11,M
42158198,Calcio Hawks Rush 2015 Hawks,Calcio Hawks Rush,IL,IL,2,USA,U11,M
42158198,Calcio Hawks Rush 2015 Hawks,Calcio Hawks Rush,IL,IL,2,USA,U11,M
42160970,IP-NUFC 2015 Boys Orange,Northern United FC,IL,IL,2,USA,U11,M
42176349,TSC 2014B,Thunder SC,IL,IL,2,USA,U11,M
42165350,Chicago City SC 2015 Boys II,Chicago City Soccer Club,IL,IL,2,USA,U11,M
42176804,Ela 2015 Boys Elite Select,Ela Soccer Club,IL,IL,2,USA,U11,M
42164178,2015 Chicago Rush Oswego Boys Premier,Chicago Rush Soccer Club,IL,IL,2,USA,U11,M
42176275,Inter AC 2015 Blue,Inter AC,IL,IL,2,USA,U11,M
42159335,Lincoln FC U11,Lincoln FC,IL,IL,2,USA,U11,M
42163820,Roadrunners SC B2015 Black,Roadrunners SC,IL,IL,2,USA,U11,M
42164566,2015 Boys Academy,Chicago City Soccer Club,IL,IL,2,USA,U11,M
42161134,Wilmette Wings 2015 Blue Boys,Wilmette Wings SC,IL,IL,2,USA,U11,M
42164216,Rockford Raptors B2015 Navy,Rockford Raptors FC,IL,IL,2,USA,U11,M
42161134,Wilmette Wings 2015 Blue Boys,Wilmette Wings SC,IL,IL,2,USA,U11,M
42164216,Rockford Raptors B2015 Navy,Rockford Raptors FC,IL,IL,2,USA,U11,M
42161301,PSG ACADEMY CHICAGO 2015 BOYS RED,PSG Academy Chicago,IL,IL,2,USA,U11,M
42164479,Pegasus FC/1974 Boys 2015 White,Pegasus FC,IL,IL,2,USA,U11,M
42161033,FC Lakeshore 2015 Boys Premier,ESA,IL,IL,2,USA,U11,M
42159149,EIFC 2015 White,Eastern Illinois FC,IL,IL,2,USA,U11,M
42163729,Ela 2015 Boys Elite,Ela Soccer Club,IL,IL,2,USA,U11,M
42174464,Team Chicago 2015 Boys Futures,Team Chicago SC,IL,IL,2,USA,U11,M
42161260,DKCU Academy 2015 Boys Select,DeKalb County United Academy,IL,IL,2,USA,U11,M
42163730,Palatine Celtic 2015B Green,Palatine Celtic SC,IL,IL,2,USA,U11,M
42164067,RBFC 2015 Black,RBFC,IL,IL,2,USA,U11,M
42160513,UESC -NSA 2015 Boys Black,NSA,IL,IL,2,USA,U11,M
42176915,CFYSC 2015B Select,Chicago Fire Youth SC (CFYSC),IL,IL,2,USA,U11,M
42176357,Celtic FC 2014B White,,IL,IL,2,USA,U11,M
42165351,Chicago City SC 2015 Boys III,Chicago City Soccer Club,IL,IL,2,USA,U11,M
42164726,Cary Defenders 2015 Boys Navy,Cary Soccer Association,IL,IL,2,USA,U11,M
42164033,iProSkills Academy 2015 Black,,IL,IL,2,USA,U11,M
42163812,SKOMOR SC 2015 U10 PREMIER,Young Sportsmen's Soccer League,IL,IL,2,USA,U11,M
42174238,Arroyo FC,Arroyo FC,IL,IL,2,USA,U11,M
42163827,FC Connection 2015,Connection SC,IL,IL,2,USA,U11,M
42176253,2015 Chicago Rush Boys Select,Chicago Rush Soccer Club,IL,IL,2,USA,U11,M
42161072,AAC EAGLES CHICAGO 2015 RED,AAC Eagles,IL,IL,2,USA,U11,M
42176647,Gio’s Lions sc 2015 premier boys,Gio's Lions SC,IL,IL,2,USA,U11,M
42186595,Eclipse 2015 Pre-ECNL Darien Boys,Eclipse Select Soccer Club,IL,IL,2,USA,U11,M
42163795,AYSO 300 UNITED 2015 BOYS,AYSO 300 United,IL,IL,2,USA,U11,M
42161154,Libertyville FC 1974 White-15 Boys,Greater Libertyville Soccer Association,IL,IL,2,USA,U11,M
42174511,Chicago City South 2014 Boys,Chicago City Soccer Club,IL,IL,2,USA,U11,M
42164230,JaHbat B2015/2016 Yellow,Chicago Futbol Alliance (CFA),IL,IL,2,USA,U11,M
42160708,Plainfield United SC 2015B Premier 1,United Elite,IL,IL,2,USA,U11,M
42162165,Lakers FC 2015B Elite,Glen Ellyn Lakers,IL,IL,2,USA,U11,M
42166523,Shadow premier FC 10U,Shadow Premier FC,IL,IL,2,USA,U11,M
42176521,Grand FC Eagles 2015,Grand Futbol Club Mustangs,IL,IL,2,USA,U11,M
42177355,real madrid round lake f.c,Young Sportsmen's Soccer League,IL,IL,2,USA,U11,M
42160986,KICS FC (CITY) 2015 WHITE,Chicago KICS Football Club,IL,IL,2,USA,U11,M
42161254,Chicago Inferno 2015B PREMIER,Chicago Inferno,IL,IL,2,USA,U11,M
42175966,FSSA U11,Fire Strikers Soccer Academy,IL,IL,2,USA,U11,M
42176175,Chicago MX FC Gold 2015,Chicago MX FC,IL,IL,2,USA,U11,M
42163794,AYSO 300 UNITED ETP BOYS 2015/16,AYSO 300 United,IL,IL,2,USA,U11,M
42164724,Eclipse 2015 Lunar Darien Boys,Eclipse Select Soccer Club,IL,IL,2,USA,U11,M
42161300,PSG ACADEMY CHICAGO 2015 BOYS BLUE,PSG Academy Chicago,IL,IL,2,USA,U11,M
42164532,LAKE FC 2015,Lake FC,IL,IL,2,USA,U11,M
42163214,Legacy SC 2015 Boys,Legacy SC,IL,IL,2,USA,U11,M
42175910,Winged Bull FC - U11,Winged Bull FC Youth Academy,IL,IL,2,USA,U11,M
42160987,KICS FC (CITY) 2015B RED,Chicago KICS Football Club,IL,IL,2,USA,U11,M
42164586,FVB 2015 Select,Fox Valley Bayern,IL,IL,2,USA,U11,M
42176770,Evolution 2015 Boys Mercurial East,Evolution SC,IL,IL,2,USA,U11,M
42173435,Chicago Heights United 2014,Chicago Heights United,IL,IL,2,USA,U11,M
42161682,2015 Yellow 2,Galaxy SC,IL,IL,2,USA,U11,M
42160790,2015B West Blue,Galaxy SC,IL,IL,2,USA,U11,M
42161211,Strikers FV 15B Elite,Strikers Fox Valley,IL,IL,2,USA,U11,M
42176185,Indiana Elite FC 2016 Premier Boys,Indiana Elite F.C.,IL,IL,2,USA,U11,M
42172146,Libertyville FC 1974 Elite-15 Boys 1,Greater Libertyville Soccer Association,IL,IL,2,USA,U11,M
42176192,AUSC Eagles 2015,Addison United,IL,IL,2,USA,U11,M
42163821,Roadrunners SC B2015 White,Roadrunners SC,IL,IL,2,USA,U11,M
42177467,Chicago Strikers 2015 Red,Young Sportsmen's Soccer League,IL,IL,2,USA,U11,M
42176176,Chicago MX FC 2015,Chicago MX FC,IL,IL,2,USA,U11,M
42163017,ECSA 2015 B Navy,Elmhurst City Surf,IL,IL,2,USA,U11,M
42165112,Midway Soccer Club 2015 Boys B,Midway Soccer Club,IL,IL,2,USA,U11,M
42161459,Chicago Empire 2015 Blue Boys,Chicago Empire FC,IL,IL,2,USA,U11,M
42159253,Metro Alliance FC 2015B Southern Illinois Navy,Metro Alliance FC ,IL,IL,2,USA,U11,M
42176184,Indiana Elite FC 2016 Premier II Boys,Indiana Elite F.C.,IL,IL,2,USA,U11,M
42164380,Schwaben 2015 Boys Olympic,Schwaben A.C.,IL,IL,2,USA,U11,M
42163562,2015B HOTC ELITE,Heart of The City,IL,IL,2,USA,U11,M
42160795,LASC 2015 Boys Premier,Lindenhurst Area Soccer Club,IL,IL,2,USA,U11,M
42176403,FC Lake County 2015 Boys Select 2 White,FC Lake County,IL,IL,2,USA,U11,M
42160753,Midwest Wings/Jahbat 2015/16 Boys,Chicago Futbol Alliance (CFA),IL,IL,2,USA,U11,M
42164671,Cityzens FC 2015 NISL Select,Cityzens FC,IL,IL,2,USA,U11,M
42160710,Plainfield United SC 2015B Select Green,United Elite,IL,IL,2,USA,U11,M
42176803,Gladiators Gld Boys & Girls Club 2015,Gladiators FC,IL,IL,2,USA,U11,M
42159731,SLSG IL B 2015 Leeds United,St. Louis Scott Gallagher,IL,IL,2,USA,U11,M
42163441,Lakers FC 2015B Select,Glen Ellyn Lakers,IL,IL,2,USA,U11,M
42159951,TCSA 2015 Vipers,Tri Cities Soccer Association,IL,IL,2,USA,U11,M
42177456,Chicago Blast 2015 Red,Chicago Blast,IL,IL,2,USA,U11,M
42161151,Libertyville FC 1974 Elite-15 Boys 2,Greater Libertyville Soccer Association,IL,IL,2,USA,U11,M
42160950,Legion FC 2015 A1,Chicago Legion FC,IL,IL,2,USA,U11,M
42161135,Wilmette Wings 2015 Black Boys,Wilmette Wings SC,IL,IL,2,USA,U11,M
42186504,TESC 2015 SELECT 1,Team Elmhurst SC,IL,IL,2,USA,U11,M
42161299,PSG ACADEMY CHICAGO 2015 BOYS WHITE,PSG Academy Chicago,IL,IL,2,USA,U11,M
42163346,FSC - 2015 Boys Red,Firebirds SC,IL,IL,2,USA,U11,M
42160167,TCSA 2015 Prime,Tri Cities Soccer Association,IL,IL,2,USA,U11,M
42171986,Trevian SC Boys 2015 Blue,FC United Soccer Club,IL,IL,2,USA,U11,M
42164381,Schwaben 2015 Boys National,Schwaben A.C.,IL,IL,2,USA,U11,M
42175965,Black Wolves 2015,Black Wolves FC,IL,IL,2,USA,U11,M
42164771,DPSAL LIONS 2015,Dupage Soccer Academy ,IL,IL,2,USA,U11,M
42164754,2015 Yellow,Galaxy SC,IL,IL,2,USA,U11,M
42176885,2015 Chicago Rush South White Boys,Chicago Rush Soccer Club,IL,IL,2,USA,U11,M
42162036,iProSkills Academy 2015 Neon,,IL,IL,2,USA,U11,M
42163817,Evolution 2015 Boys Mercurial,Evolution SC,IL,IL,2,USA,U11,M
42163930,2015 Boys 1,Chicago Soccer Academy (CSA),IL,IL,2,USA,U11,M
42176845,Metro Alliance FC 2016/2015B Elite,Metro Alliance FC ,IL,IL,2,USA,U11,M
42174449,Force 2015B Elite,Crystal Lake Soccer Federation,IL,IL,2,USA,U11,M
42174889,Ajax FC Naperville 2014 Boys Red 2,Ajax FC Naperville,IL,IL,2,USA,U11,M
42164457,Pegasus FC/1974 Boys 2015 Black,Pegasus FC,IL,IL,2,USA,U11,M
42177081,Chicago Celtic SC 2015 White,,IL,IL,2,USA,U11,M
42164978,Gladiators 2015 1,Gladiators FC,IL,IL,2,USA,U11,M
42177463,Chicago Edge B2015 Competitive,Chicago Edge SC,IL,IL,2,USA,U11,M
42164395,SAA United SC 2015B Red,SAA United SC,IL,IL,2,USA,U11,M
42177357,Cary SA Defenders 2015 Boys Gray,Cary Soccer Association,IL,IL,2,USA,U11,M
42176367,CCSC 2014 Boys II/III,Chicago City Soccer Club,IL,IL,2,USA,U11,M
42163343,Braves,Naperville Eagles Soccer Club,IL,IL,2,USA,U11,M
42176568,Synergy 2015 Boys Green,Synergy SC,IL,IL,2,USA,U11,M
42177137,Chicago Strikers 2015 Blue,,IL,IL,2,USA,U11,M
42163808,Olympiacos B2015PR PREMIER (U10),Olympiacos,IL,IL,2,USA,U11,M
42164601,Wheaton United 2015B Academy Blue,Wheaton United SC,IL,IL,2,USA,U11,M
42163731,Palatine Celtic 2015B White,Palatine Celtic SC,IL,IL,2,USA,U11,M
42175997,Shining Hammers,Shining Hammers FC,IL,IL,2,USA,U11,M
42176401,FC Lake County 2015 Boys Elite,FC Lake County,IL,IL,2,USA,U11,M
42164048,Chicago City 2015 Boys South,Chicago City Soccer Club,IL,IL,2,USA,U11,M
42176896,Chicago City-Pumas 2015,Chicago City Soccer Club,IL,IL,2,USA,U11,M
42161637,South Suburban SA 2015/16,South Suburban,IL,IL,2,USA,U11,M
42163779,Hawthorn Woods Elite SC Boys 2015 Black,Hawthorn Woods Elite SC,IL,IL,2,USA,U11,M
42164581,11U NORRIDGE UNITED 2015 PREMIER,Norridge United,IL,IL,2,USA,U11,M
42183795,Mundelein Jrs Soccer,,IL,IL,2,USA,U11,M
42164722,Eclipse 2015 Lunar Naperville Boys,Eclipse Select Soccer Club,IL,IL,2,USA,U11,M
42164520,Windy City Pride 2015 Boys,Windy City Pride,IL,IL,2,USA,U11,M
42163622,TCSA 2015 Legion,Tri Cities Soccer Association,IL,IL,2,USA,U11,M
42163576,RL Juniors 2015,Young Sportsmen's Soccer League,IL,IL,2,USA,U11,M
42165354,Chicago Dynasty FC 15B Select,Chicago Dynasty FC,IL,IL,2,USA,U11,M
42164425,Bartlett Hawks FC 2015 Boys,Bartlett Hawks FC,IL,IL,2,USA,U11,M
42163996,HDS EAGLES 2015,HDS Eagles Academy,IL,IL,2,USA,U11,M
42163273,2015 Chicago Rush North Boys Blue,Chicago Rush Soccer Club,IL,IL,2,USA,U11,M
42176929,KICS FC (SOUTH) 2015B Blue,Chicago KICS Football Club,IL,IL,2,USA,U11,M
42164604,Academia Atlas FC Chicago 2015 Boys Select,Academia de Futbol Atlas FC Chicago,IL,IL,2,USA,U11,M
42161019,Elite Strikers FC 2015 Boys,Elite Strikers FC,IL,IL,2,USA,U11,M
42164396,Olympiacos U10 LEGENDS,Olympiacos,IL,IL,2,USA,U11,M
42164142,HUSC Storm,Hoffman United Soccer Club,IL,IL,2,USA,U11,M
42164141,Nazarene United F.C. 2015 Boys,NAZ United FC,IL,IL,2,USA,U11,M
42176500,Berwyn Blazers 2015,Berwyn Blazers FC,IL,IL,2,USA,U11,M
42164052,Boys 2015 Select Blue,FC-1 Academy,IL,IL,2,USA,U11,M
42163878,Celtic FC Chicago 2015B White,Celtic FC Chicago ,IL,IL,2,USA,U11,M
42163831,Niles Strikers FC 2015 Black,Niles Strikers FC,IL,IL,2,USA,U11,M
42176304,Flechas FC Chicago,Flechas FC,IL,IL,2,USA,U11,M
42174618,FC Mirage 2015 Black,FC Mirage,IL,IL,2,USA,U11,M
42163929,2015 Boys Blue,Chicago Soccer Academy (CSA),IL,IL,2,USA,U11,M
42159777,Morton United FC 2015 Boys WHITE,Morton United FC,IL,IL,2,USA,U11,M
42176771,Evolution 2015 Boys Phantom East,Evolution SC,IL,IL,2,USA,U11,M
42164616,EAGLES HICKORY HILLS 2015,FC HICKORY HILLS,IL,IL,2,USA,U11,M
42163981,Team Chicago 2015 Boys Futures I,Team Chicago SC,IL,IL,2,USA,U11,M
42164003,Synergy 2015 Boys Navy,Synergy SC,IL,IL,2,USA,U11,M
42163982,Team Chicago 2015 Boys Futures II,Team Chicago SC,IL,IL,2,USA,U11,M
42163719,NSFC 2015B ELITE,North Shore FC,IL,IL,2,USA,U11,M
42160506,Hawthorn Woods Elite SC Boys 2015 Green,Hawthorn Woods Elite SC,IL,IL,2,USA,U11,M
42177128,Eclipse 2015/16 Solar Darien Boys,Eclipse Select Soccer Club,IL,IL,2,USA,U11,M
42161035,Team Evanston 2015 Boys Blue I,ESA,IL,IL,2,USA,U11,M
42164516,Evolution 2015 Boys Phantom,Evolution SC,IL,IL,2,USA,U11,M
42164753,2015 White,Galaxy SC,IL,IL,2,USA,U11,M
42164039,LFSA 2015 Boys Blue,Lake Forest SA,IL,IL,2,USA,U11,M
42161706,Chicago Blast 2015 Select,Young Sportsmen's Soccer League,IL,IL,2,USA,U11,M
42162886,Elite S.C. U10 Boys Select (2015),Elite SC,IL,IL,2,USA,U11,M
42161900,Chicago Empire 2015 White Boys,Chicago Empire FC,IL,IL,2,USA,U11,M
42165080,CUSC 15B Select OP,United Elite,IL,IL,2,USA,U11,M
42224051,Campton United 2015 Girls Red,Campton United SC,IL,IL,2,USA,U11,M
42164602,Wheaton United 2015B Premier Blue,Wheaton United SC,IL,IL,2,USA,U11,M
42161152,Libertyville FC 1974 Select-15 Boys 1,Greater Libertyville Soccer Association,IL,IL,2,USA,U11,M
42161454,Wilmette Wings 2015 White Boys,Wilmette Wings SC,IL,IL,2,USA,U11,M
42164042,ROCKFORD OLYMPIC FC U10,Rockford Olympic FC,IL,IL,2,USA,U11,M
42176187,Indiana Elite FC 2015 Premier II Boys,Indiana Elite F.C.,IL,IL,2,USA,U11,M
42163582,LTSC 2015B Select White,Lyons Township SC (LTSC),IL,IL,2,USA,U11,M
42177034,Orland Park Sting FC 2015 Select,Orland Park Sting FC,IL,IL,2,USA,U11,M
42176893,U11 Kaneland United YSSL,Kaneland United Soccer Club,IL,IL,2,USA,U11,M
42171366,SLSG IL B 2015 Elite Red,St. Louis Scott Gallagher,IL,IL,2,USA,U11,M
42164955,Storm 2015B,Storm Soccer Club,IL,IL,2,USA,U11,M
42164603,Wheaton United 2015B Premier Red,Wheaton United SC,IL,IL,2,USA,U11,M
42176887,Elite S.C. 2015 Boys White,Elite SC,IL,IL,2,USA,U11,M
42176807,FSC - 2015 Boys White,Firebirds SC,IL,IL,2,USA,U11,M
42161403,OSU Purple U10,Orion Sherrard United,IL,IL,2,USA,U11,M
42186633,Eclipse 2015 Pre-ECNL Naperville Boys,Eclipse Select Soccer Club,IL,IL,2,USA,U11,M
42163604,Roadrunners SC B2015 Select 3,Roadrunners SC,IL,IL,2,USA,U11,M
42163879,Celtic FC Chicago 2015B Green,Celtic FC Chicago ,IL,IL,2,USA,U11,M
42163902,FORCE 2015B H PREMIER WHITE,Crystal Lake Soccer Federation,IL,IL,2,USA,U11,M
42163925,2015B Premier I,Northwind SC,IL,IL,2,USA,U11,M
42163955,Legacy SC 2015 Boys - Select,Legacy SC,IL,IL,2,USA,U11,M
42164034,IPROSKILS ACADEMY 2015 BLUE,Young Sportsmen's Soccer League,IL,IL,2,USA,U11,M
42174162,FC Mirage 2015 Red,FC Mirage,IL,IL,2,USA,U11,M
42161133,Wilmette Wings 2015 Premier Boys,Wilmette Wings SC,IL,IL,2,USA,U11,M
42161212,Chicago House AC 2015/2016 Boys,Chicago House Athletic Club,IL,IL,2,USA,U11,M
42160975,PRSC 2015 B Orange II,Park Ridge SC,IL,IL,2,USA,U11,M
42160798,Eclipse 2015 Solar Darien Boys,Eclipse Select Soccer Club,IL,IL,2,USA,U11,M
42161752,FCCI 2015 Boys Grey,FC Central Illinois,IL,IL,2,USA,U11,M
42176769,Evolution 2015/2016 Boys Mercurial,Evolution SC,IL,IL,2,USA,U11,M
42176399,LG Celtics 2015B Black,Lagrange Celtics,IL,IL,2,USA,U11,M
42176386,Ajax FC Naperville 2015 Boys White 2,Ajax FC Naperville,IL,IL,2,USA,U11,M
42164631,PSG ACADEMY CHICAGO 2015 BOYS GREEN,PSG Academy Chicago,IL,IL,2,USA,U11,M
42164663,Wizard Oak Brook Academy 2015B,Wizard F.C.,IL,IL,2,USA,U11,M
42164723,Eclipse 2016 Solar Naperville Boys,Eclipse Select Soccer Club,IL,IL,2,USA,U11,M
42177084,CFA- Ceba B2015 Select,Chicago Futbol Alliance (CFA),IL,IL,2,USA,U11,M
42165086,CUSC 15B Select FF,Chicagoland United SC,IL,IL,2,USA,U11,M
42175775,BH Dragons 2015,BH Dragons,IL,IL,2,USA,U11,M
42176745,LTSC 2015B Select Gold,Lyons Township SC (LTSC),IL,IL,2,USA,U11,M
42165352,Chicago City SC 2015 Boys I,Chicago City Soccer Club,IL,IL,2,USA,U11,M
42164861,2015 Blue,Galaxy SC,IL,IL,2,USA,U11,M
42161166,Grand Futbol Club Mustangs 2015,Grand Futbol Club Mustangs,IL,IL,2,USA,U11,M
42164155,RIFC Rebels U11,Rock Island Futbol Club,IL,IL,2,USA,U11,M
42163832,Niles Strikers FC 2015 Blue,Niles Strikers FC,IL,IL,2,USA,U11,M
42164274,Mundelein Lions BLUE 2015,MUNDELEIN LIONS SC,IL,IL,2,USA,U11,M
42164047,NSA 2015 Boys Red,NSA,IL,IL,2,USA,U11,M
42176912,Chicago Inferno 2015B PREMIER 1,Chicago Inferno,IL,IL,2,USA,U11,M
42175930,Glen-Ed SC 15B United II,Glen-Ed SC,IL,IL,2,USA,U11,M
42164943,Chicago rogue 2015 City,Chicago Rogue FC,IL,IL,2,USA,U11,M
42163710,VCF ACADEMY CHICAGO TARONJA,VALENCIA CF ACADEMY CHICAGO,IL,IL,2,USA,U11,M
42176824,Ela 2015 Boys Elite Competitive,Ela Soccer Club,IL,IL,2,USA,U11,M
42176137,NSFC 2015B BLACK,North Shore FC,IL,IL,2,USA,U11,M
42177064,MSSC 2015 Boys,Mahomet-Seymour Soccer Club,IL,IL,2,USA,U11,M
42176886,Elite S.C. 2015 Boys Red,Elite SC,IL,IL,2,USA,U11,M
42177457,SAA United SC 2015 Black,SAA United SC,IL,IL,2,USA,U11,M
42164948,Chicago Inter B2015,Chicago Inter,IL,IL,2,USA,U11,M
42177462,LG Celtics 2015B Green,Lagrange Celtics,IL,IL,2,USA,U11,M
42177464,Chicago Empire 2015 Blue 2 Boys,Chicago Empire FC,IL,IL,2,USA,U11,M
42164963,West Chicago F.C. - 2015 (2),West Chicago FC,IL,IL,2,USA,U11,M
42177465,Azzurri United Soccer Club,Azzurri United,IL,IL,2,USA,U11,M
42177466,Powerstrikers 2015,FC Stars (IL),IL,IL,2,USA,U11,M
42176949,Rockford Raptors B2015 Orange (Banzhaf),Rockford Raptors FC,IL,IL,2,USA,U11,M
42176384,Ajax FC Naperville 2015 Boys Black 2,Ajax FC Naperville,IL,IL,2,USA,U11,M
42176154,2015 Chicago Rush North Boys Premier,Chicago Rush Soccer Club,IL,IL,2,USA,U11,M
42176356,ESFC 2014/15 Boys Blue,,IL,IL,2,USA,U11,M
42176355,ESFC 2014/15 Boys White,,IL,IL,2,USA,U11,M
42176373,KICS FC (CITY) 2014B Green,Chicago KICS Football Club,IL,IL,2,USA,U11,M
42176372,Esa FC Lakeshore 2014 Boys Premier Red 1,ESA,IL,IL,2,USA,U11,M
42160681,ISFA 2016,ISFA,IL,IL,2,USA,U11,M
42176560,2015 Barrington Football,Barrington United Football Club,IL,IL,2,USA,U11,M
42176502,IEFC Gremio FC Chicago 2015,Indiana Elite F.C.,IL,IL,2,USA,U11,M
42176734,CC United 2015B Romanitis,CC United,IL,IL,2,USA,U11,M
42176746,LTSC 2015B Select Silver,Lyons Township SC (LTSC),IL,IL,2,USA,U11,M
42161312,2015B Premier III,Northwind SC,IL,IL,2,USA,U11,M
42175995,UESC-BSC Raiders 2015 Red,Bolingbrook SC,IL,IL,2,USA,U11,M
42176153,Boys 2015 Elite,FC-1 Academy,IL,IL,2,USA,U11,M
42176360,IP-SKOMOR 2014/2015 SELECT,Young Sportsmen's Soccer League,IL,IL,2,USA,U11,M
42161153,Libertyville FC 1974 Select-15 Boys 2,Greater Libertyville Soccer Association,IL,IL,2,USA,U11,M
42176370,Chicago FC United 2014 Select I,,IL,IL,2,USA,U11,M
42176374,Chicago Knights 2014,Chicago Knights SC,IL,IL,2,USA,U11,M
42160976,PRSC 2015 B White,Park Ridge SC,IL,IL,2,USA,U11,M
42163016,ECS 2015 B White,Elmhurst City Surf,IL,IL,2,USA,U11,M
42163019,ECSA 2015 B GRAY,Elmhurst City Surf,IL,IL,2,USA,U11,M
42161590,Trevian SC Boys 2016 Blue,FC United Soccer Club,IL,IL,2,USA,U11,M
42164092,EPSC Academy 2015,Elgin Pumas Gold,IL,IL,2,USA,U11,M
42177210,Kora FC 2015 Academy,Kora FC,IL,IL,2,USA,U11,M
42164009,Lisle FC 2015 Nottingham,Lisle FC,IL,IL,2,USA,U11,M
42177351,FORCE 15B PRE ECNL,Crystal Lake Soccer Federation,IL,IL,2,USA,U11,M
42177352,Chicago FC United 2015 PA I,FC United Soccer Club,IL,IL,2,USA,U11,M
42177353,Hawthorn Woods Elite SC Boys 2015,Hawthorn Woods Elite SC,IL,IL,2,USA,U11,M
42177354,SPIDERS FC - 2015,Spiders FC,IL,IL,2,USA,U11,M
42177356,TESC 2015 SELECT 2,Team Elmhurst SC,IL,IL,2,USA,U11,M
42163844,Force 15B CL Premier White,Crystal Lake Soccer Federation,IL,IL,2,USA,U11,M
42177358,Force 2015B Premier,Crystal Lake Soccer Federation,IL,IL,2,USA,U11,M
42163771,Plainfield United SC 2015B Select Black,United Elite,IL,IL,2,USA,U11,M
42163764,Green White 2015 Boys Weiss,Green White SC,IL,IL,2,USA,U11,M
42161099,Mundelein Lions 2015,Young Sportsmen's Soccer League,IL,IL,2,USA,U11,M
42177129,Eclipse 2015 Solar Naperville Boys,Eclipse Select Soccer Club,IL,IL,2,USA,U11,M
42177458,Ajax FC Naperville 2015 Boys Red 2,Ajax FC Naperville,IL,IL,2,USA,U11,M
42177459,Ajax FC Naperville 2015 Boys White 1,Ajax FC Naperville,IL,IL,2,USA,U11,M
42164952,Intentional Soccer Club,,IL,IL,2,USA,U11,M
42177461,Orland Park Sting FC 2015 Elite,Orland Park Sting FC,IL,IL,2,USA,U11,M
42177469,FC-1 Academy B2015 Select Blue 2,FC-1 Academy,IL,IL,2,USA,U11,M
42177470,2015 Chicago Rush Oswego Boys White,Chicago Rush Soccer Club,IL,IL,2,USA,U11,M
42176833,MIDWEST GLADIATORS F.C,MIDWEST GLADIATORS F.C,IL,IL,2,USA,U11,M
42176299,CUPSA 2015,Composure Under Pressure SA - CUPSA,IL,IL,2,USA,U11,M
42176301,Flechas FC Chicago B,Flechas FC,IL,IL,2,USA,U11,M
42177031,TESC 2015 PREMIER BLACK,Team Elmhurst SC,IL,IL,2,USA,U11,M
42177468,LG Celtics 2015B White,Lagrange Celtics,IL,IL,2,USA,U11,M
42164980,2015,Orland Park Vortex,IL,IL,2,USA,U11,M
42176351,KICS FC (SOUTH) 2014B Blue,Chicago KICS Football Club,IL,IL,2,USA,U11,M
42176903,2015 Pre-ECNL Darien Boys,Eclipse Select Soccer Club,IL,IL,2,USA,U11,M
42176347,SAA United 2014B Black,SAA United SC,IL,IL,2,USA,U11,M
42176526,Grand FCA Mustangs 2015,Grand Futbol Club Mustangs,IL,IL,2,USA,U11,M
42160797,LASC 2015 Boys Select,Lindenhurst Area Soccer Club,IL,IL,2,USA,U11,M
42164068,RBFC 2015 Blue,RBFC,IL,IL,2,USA,U11,M
42163932,2015 Boys White,Chicago Soccer Academy (CSA),IL,IL,2,USA,U11,M
42163926,2015B Premier II,Northwind SC,IL,IL,2,USA,U11,M
