gotsport_team_id,display_name,club,state,team_association_raw,region,country,age_group,gender
42159282,Club Ohio United 15B Black,Club Ohio,OH,OH,2,USA,U11,M
42161451,CE 2015B Grasshoppers Black,Columbus Force SC,OH,OH,2,USA,U11,M
42160443,Club Ohio West Pre MLS NEXT 15B,Club Ohio,OH,OH,2,USA,U11,M
42160537,CE 2015B Grasshoppers (Red),Columbus Force SC,OH,OH,2,USA,U11,M
42176608,CUP 15B Gold,Cincinnati United,OH,OH,2,USA,U11,M
42176609,CUP 15B Black,Cincinnati United,OH,OH,2,USA,U11,M
42160536,CUSM 15B AS ROMA,Cincinnati United,OH,OH,2,USA,U11,M
42160245,CUSE 15B Arsenal,Cincinnati United,OH,OH,2,USA,U11,M
42161219,CAU Force 2015B Pre-ECNL,Canton Akron United Force,OH,OH,2,USA,U11,M
42159811,Columbus Force 15B Pre-ECNL,Columbus Force SC,OH,OH,2,USA,U11,M
42160444,Club Ohio West 15B Green,Club Ohio,OH,OH,2,USA,U11,M
42159752,Northwest FC 2015B Orange,Northwest FC,OH,OH,2,USA,U11,M
42160373,FC Storm B15 Premier 1,FC Storm,OH,OH,2,USA,U11,M
42169037,BSA Celtic 15B White,Ohio Galaxies FC,OH,OH,2,USA,U11,M
42162882,Pride SC 2015B Copa,Pride Soccer Club,OH,OH,2,USA,U11,M
42175938,Grasshoppers FC - 2015B Black,Grasshoppers FC,OH,OH,2,USA,U11,M
42162766,2015 Boys Pre-ECNL,Ohio Premier,OH,OH,2,USA,U11,M
42176029,DSX Orange 2015B,Dublin Soccer League,OH,OH,2,USA,U11,M
42160756,Lakota FC B15 Black,Lakota Futbol Club,OH,OH,2,USA,U11,M
42162862,KHPE1 New Albany B15,Kings Hammer New Albany,OH,OH,2,USA,U11,M
42162772,2015 Boys NPL,Ohio Premier,OH,OH,2,USA,U11,M
42160630,CUSE 15B Barcelona,Cincinnati United,OH,OH,2,USA,U11,M
42162983,Cincy Galaxy 2015B Elite Navy,Cincy Galaxy SC,OH,OH,2,USA,U11,M
42173434,Polaris SC 15B Navy,Polaris Soccer Club,OH,OH,2,USA,U11,M
42162940,Barcelona United Pre-Academy 15B,Barcelona United,OH,OH,2,USA,U11,M
42162903,UAU 2015 BU11 GOLD,Upper Arlington United,OH,OH,2,USA,U11,M
42163448,TCSC 2015 Boys Premier,Tri-County Soccer Club,OH,OH,2,USA,U11,M
42160600,Academia Ole 1 2015B,Academia De Futbol Ole,OH,OH,2,USA,U11,M
42161149,Highland Vipers U11 1,Highland Youth Soccer,OH,OH,2,USA,U11,M
42163355,Cleveland Force 15B Pre-ECNL White,Cleveland Force SC,OH,OH,2,USA,U11,M
42162550,Elite FC 2015 Boys Elite Premier,Elite FC,OH,OH,2,USA,U11,M
42163456,KHPA CINCY B15-1,Kings Hammer Soccer Club,OH,OH,2,USA,U11,M
42159579,PCFC 2015 Boys,PCFC,OH,OH,2,USA,U11,M
42162938,Barcelona United Elite 15B,Barcelona United,OH,OH,2,USA,U11,M
42169704,PSC B2015 Gold,Perrysburg SC,OH,OH,2,USA,U11,M
42160320,Lakota FC B15 Red,Lakota Futbol Club,OH,OH,2,USA,U11,M
42159918,FC Storm B15 White,FC Storm,OH,OH,2,USA,U11,M
42161023,CE 2015B Flames,Columbus Force SC,OH,OH,2,USA,U11,M
42175939,Grasshoppers FC - 2015B Teal,Grasshoppers FC,OH,OH,2,USA,U11,M
42162872,Sporting Columbus Boys 2015 Pre-ECNL,Sporting Columbus,OH,OH,2,USA,U11,M
42162797,CE 2015B Azzurri,Columbus Force SC,OH,OH,2,USA,U11,M
42163458,FC Storm B15 Orange,FC Storm,OH,OH,2,USA,U11,M
42159488,AW United Boys 2015 Blue,Anthony Wayne United SC,OH,OH,2,USA,U11,M
42160966,Kolping SC B15 Orange,Kolping SC,OH,OH,2,USA,U11,M
42161919,North FC West 2015 Boys NPL,North FC,OH,OH,2,USA,U11,M
42176447,FC Cleveland Flames U11 Boys II,FC Cleveland Flames,OH,OH,2,USA,U11,M
42162912,SP Soccer Academy 2015 Boys Blue 1,SP Soccer Academy,OH,OH,2,USA,U11,M
42159655,COE 2015B Blue,Central Ohio Elite,OH,OH,2,USA,U11,M
42162873,Club Ohio United 2015 White,Club Ohio,OH,OH,2,USA,U11,M
42161924,CVSA 2015 Boys Blue,Cuyahoga Valley Soccer Academy,OH,OH,2,USA,U11,M
42161247,TFA B15 Elite,Total Futbol Academy(OH),OH,OH,2,USA,U11,M
42160430,Columbus United B'15 Lions,Columbus United,OH,OH,2,USA,U11,M
42163430,P24Masia,Soccer Vision Academy- OH Boys,OH,OH,2,USA,U11,M
42159575,Sylvania United Boys 2015 Blue,,OH,OH,2,USA,U11,M
42163061,Manta Pre ECNL B15,Manta United Soccer Club,OH,OH,2,USA,U11,M
42163457,KHPA CINCY B15-2,Kings Hammer Soccer Club,OH,OH,2,USA,U11,M
42160740,Club Ohio West 15B Academy,Club Ohio,OH,OH,2,USA,U11,M
42162925,Northwest FC 2015B Blue,Northwest FC,OH,OH,2,USA,U11,M
42159640,Club Ohio Dayton 15B Green,Club Ohio,OH,OH,2,USA,U11,M
42173670,Metro FC B15 Rapids,Ohio Galaxies FC,OH,OH,2,USA,U11,M
42159030,Pacesetter South 2015 Boys Red,Pacesetter South,OH,OH,2,USA,U11,M
42159030,Pacesetter South 2015 Boys Red,Pacesetter South,OH,OH,2,USA,U11,M
42173996,Cincy SC B15 Premier,Cincy SC,OH,OH,2,USA,U11,M
42163282,Cincinnati Elite FC B15 Gold,Cincinnati Elite FC,OH,OH,2,USA,U11,M
42159577,Sylvania United Boys 2015 White,,OH,OH,2,USA,U11,M
42161871,Campbell FC 2015,Campbell FC,OH,OH,2,USA,U11,M
42161834,CE 2015B Arsenal FC - A,Columbus Force SC,OH,OH,2,USA,U11,M
42163561,Cleveland Force 15B White West,Cleveland Force SC,OH,OH,2,USA,U11,M
42161061,Cincy SC B15 Orange,Cincy SC,OH,OH,2,USA,U11,M
42176267,North FC West Pre-ECNL B15,North FC,OH,OH,2,USA,U11,M
42159473,FC Storm B15 Loveland Black,FC Storm,OH,OH,2,USA,U11,M
42162778,LFC United 2015 B Elite,LFC United,OH,OH,2,USA,U11,M
42159486,SFC 2015,Spartans FC,OH,OH,2,USA,U11,M
42162283,Boys 2015 Black -1,Shaker Youth Soccer Assn - Premier Football Club,OH,OH,2,USA,U11,M
42158914,PSC B2015 Black,Perrysburg SC,OH,OH,2,USA,U11,M
42162565,GCKA 2015B Red,Grove City Kids Association,OH,OH,2,USA,U11,M
42161262,Cleveland Force 15B Yellow West,Cleveland Force SC,OH,OH,2,USA,U11,M
42161262,Cleveland Force 15B Yellow West,Cleveland Force SC,OH,OH,2,USA,U11,M
42162769,2015 Boys OCL,Ohio Premier,OH,OH,2,USA,U11,M
42162958,Ambassadors FC 2015 Boys,Ambassadors FC (OH),OH,OH,2,USA,U11,M
42174182,BSA Celtic 15B Blue,Ohio Galaxies FC,OH,OH,2,USA,U11,M
42176695,CUP 15B Silver,Cincinnati United,OH,OH,2,USA,U11,M
42172721,DUSC Bulldogs 2015 Boys,Dublin United Soccer Club,OH,OH,2,USA,U11,M
42159061,MSC Express 2015 Boys Purple,Maumee SC,OH,OH,2,USA,U11,M
42161068,CULM 15B Bournemouth,Cincinnati United,OH,OH,2,USA,U11,M
42162844,Polaris SC 15B Gray,Polaris Soccer Club,OH,OH,2,USA,U11,M
42161194,Galacticos FC 2015,Final Third Foundation Affiliate,OH,OH,2,USA,U11,M
42159203,GTFC Impact Boys 2015 White,GTFC Impact,OH,OH,2,USA,U11,M
42159693,Archbold Bluestreaks B2015,Archbold Bluestreaks,OH,OH,2,USA,U11,M
42160754,SPIRE FC 2015 BLACK BOYS,Spire FC,OH,OH,2,USA,U11,M
42160754,SPIRE FC 2015 BLACK BOYS,Spire FC,OH,OH,2,USA,U11,M
42162856,Blast FC 2015B Black,Blast FC Soccer Academy,OH,OH,2,USA,U11,M
42163437,Liberty FC 2015 Boys,Liberty Football Club,OH,OH,2,USA,U11,M
42164342,U11 Boys Royal - 1 - Book,Brunswick Soccer Association,OH,OH,2,USA,U11,M
42162870,Sporting Columbus Boys 2015 NPL,Sporting Columbus,OH,OH,2,USA,U11,M
42160403,All United SC,,OH,OH,2,USA,U11,M
42162748,Johnstown FC 2015 Boys,Johnstown FC,OH,OH,2,USA,U11,M
42162748,Johnstown FC 2015 Boys,Johnstown FC,OH,OH,2,USA,U11,M
42161692,TFA B15 Premier,Total Futbol Academy(OH),OH,OH,2,USA,U11,M
42159118,2015 Boys W,ESSL Arsenal,OH,OH,2,USA,U11,M
42162843,Polaris SC 2015 Boys Gray Euro,Polaris Soccer Club,OH,OH,2,USA,U11,M
42161065,Madeira FC B2015 Orange,Madeira FC,OH,OH,2,USA,U11,M
42159812,Columbus Force 15B Blue,Columbus Force SC,OH,OH,2,USA,U11,M
42161077,LGSC B15 Tigers Black,Lawrenceburg Greendale Soccer Club,OH,OH,2,USA,U11,M
42161207,Kolping SC B15 Black,Kolping SC,OH,OH,2,USA,U11,M
42176607,CU North 15B Elite 1,Cincinnati United,OH,OH,2,USA,U11,M
42159542,LB Eagles 2015 Travel,Liberty Benton SA,OH,OH,2,USA,U11,M
42163833,Monroe Premier FC 2015 Boys Gold,Monroe Premier FC,OH,OH,2,USA,U11,M
42162888,LSO United B15,LSO United,OH,OH,2,USA,U11,M
42162909,Worthington United 94 2015 Boys Navy III,Worthington United,OH,OH,2,USA,U11,M
42174798,CUSM 15B Bologna,Cincinnati United,OH,OH,2,USA,U11,M
42174798,CUSM 15B Bologna,Cincinnati United,OH,OH,2,USA,U11,M
42160428,Oak Hills Premier Boys 2015,Oak Hills Youth Athletics,OH,OH,2,USA,U11,M
42159063,Pacesetter South 2015 Boys Black,Pacesetter South,OH,OH,2,USA,U11,M
42159538,Glass City Boys U11,Glass City SC,OH,OH,2,USA,U11,M
42163514,CAPS FC 2015B,Caps FC,OH,OH,2,USA,U11,M
42159636,CE 2015B AC Milan,Columbus Force SC,OH,OH,2,USA,U11,M
42164635,Boys 2015 White - East 5,Shaker Youth Soccer Assn - Premier Football Club,OH,OH,2,USA,U11,M
42162952,KHPA CINCY B15-B,Kings Hammer Soccer Club,OH,OH,2,USA,U11,M
42162552,Elite FC 2015 Boys OCL,Elite FC,OH,OH,2,USA,U11,M
42159780,CUSE 15B Dortmund,Cincinnati United,OH,OH,2,USA,U11,M
42163044,Mercury B2015 west 1,Mercury,OH,OH,2,USA,U11,M
42161399,Team Challenger FC B15 Black,Team Challenger FC North,OH,OH,2,USA,U11,M
42164170,2015 Boys - Collins 4W,Bay Soccer Club,OH,OH,2,USA,U11,M
42163035,FOSC B15 Elite,Fairfield Optimist Soccer Club,OH,OH,2,USA,U11,M
42163560,Cleveland Force 15B White East,Cleveland Force SC,OH,OH,2,USA,U11,M
42162937,LEGEND SC B 2015,Legend SC,OH,OH,2,USA,U11,M
42162810,UPPER 90 FC 2015 Boys Team Red,Upper 90 FC,OH,OH,2,USA,U11,M
42176331,CVSA 2015 Boys Red,Cuyahoga Valley Soccer Academy,OH,OH,2,USA,U11,M
42160800,TCFC Red Bulls B2015,Taylor Creek Youth Organization,OH,OH,2,USA,U11,M
42161681,Mercury Premier 2015 Boys White,Mercury,OH,OH,2,USA,U11,M
42176266,North FC Hudson Pre-ECNL B15,North FC,OH,OH,2,USA,U11,M
42162939,Barcelona United Premier 15B,Barcelona United,OH,OH,2,USA,U11,M
42176439,OSUB15Red,Ohio Strikers United,OH,OH,2,USA,U11,M
42162768,2015 Boys Academy UA Vapor,Ohio Premier,OH,OH,2,USA,U11,M
42162911,SP Soccer Academy 2015 Boys Blue 2,SP Soccer Academy,OH,OH,2,USA,U11,M
42162744,Columbus Force 15B White,Columbus Force SC,OH,OH,2,USA,U11,M
42176754,REVERE U11 D5 S,Revere Soccer Club,OH,OH,2,USA,U11,M
42162924,FC Columbus Brazil 2015 Boys,FC Columbus,OH,OH,2,USA,U11,M
42162551,Elite FC 2015 Boys OCL White,Elite FC,OH,OH,2,USA,U11,M
42171657,NWC Alliance 2015 Boys Elite,NWC Alliance Soccer Club,OH,OH,2,USA,U11,M
42161683,GFSC 2015B Green D2,GFSC Geauga Federation Soccer Club,OH,OH,2,USA,U11,M
42162821,PFC Extreme U10 Boys,Pataskala Futbol Club Extreme (PFC Extreme),OH,OH,2,USA,U11,M
42162915,Olimpia USA 2015/2016 Boys,Olimpia USA Soccer,OH,OH,2,USA,U11,M
42164138,Jackson Fury 2015B,Jackson Fury Soccer Club,OH,OH,2,USA,U11,M
42177002,U11 Bay Village Boys D2 Collins,Bay Soccer Club,OH,OH,2,USA,U11,M
42162842,Polaris SC 15B Sky,Polaris Soccer Club,OH,OH,2,USA,U11,M
42164140,BSAB2015RED,Bees Soccer Academy,OH,OH,2,USA,U11,M
42164812,Broadview Heights (BHFC) B15 - Zimmer,Broadview Heights Travel Soccer,OH,OH,2,USA,U11,M
42159572,Boys 2015 LC Explosion,Liberty Center,OH,OH,2,USA,U11,M
42162724,Whetstone Park Rangers Hoops 2015,Whetstone Park Rangers,OH,OH,2,USA,U11,M
42176183,Cleveland Force 15B Black West,Cleveland Force SC,OH,OH,2,USA,U11,M
42174255,Oakwood United - B15 Gold,Oakwood United SC,OH,OH,2,USA,U11,M
42159197,GTFC Impact Boys 2015 HC,GTFC Impact,OH,OH,2,USA,U11,M
42162904,All Out SC 2015,All Out SC,OH,OH,2,USA,U11,M
42176859,PFC Extreme U11B Black,Pataskala Futbol Club Extreme (PFC Extreme),OH,OH,2,USA,U11,M
42163041,Passion FC 2015B Gray,On Goal Passion FC,OH,OH,2,USA,U11,M
42162851,WSP Cobra FC 2015 Boys,Worthington United,OH,OH,2,USA,U11,M
42163034,LSSA 2015 U10,,OH,OH,2,USA,U11,M
42160936,CUSE 15B Fiorentina,Cincinnati United,OH,OH,2,USA,U11,M
42176738,B2015 Birth Year (Maroon)-U11 (Division 4 East),Stow Soccer Club,OH,OH,2,USA,U11,M
42160936,CUSE 15B Fiorentina,Cincinnati United,OH,OH,2,USA,U11,M
42176738,B2015 Birth Year (Maroon)-U11 (Division 4 East),Stow Soccer Club,OH,OH,2,USA,U11,M
42164762,Amherst U11 Jones West 5,Amherst Youth Soccer Association (OH),OH,OH,2,USA,U11,M
42160541,FC Dayton B15 Elite,FC Dayton,OH,OH,2,USA,U11,M
42162735,LSSA 2015 Boys,Lancaster Select Soccer Association (LSSA),OH,OH,2,USA,U11,M
42163969,GC Cosmos B2015 Maverick,Greene County Cosmos,OH,OH,2,USA,U11,M
42162928,Xcel 2015,Xcel Sports Soccer Academy,OH,OH,2,USA,U11,M
42161411,North FC Chagrin 2015 Boys Blue,North FC,OH,OH,2,USA,U11,M
42159202,GTFC Impact Boys 2015 West,GTFC Impact,OH,OH,2,USA,U11,M
42176995,CU North 15B Elite 2,Cincinnati United,OH,OH,2,USA,U11,M
42162767,2015 Boys Pre-Regional,Ohio Premier,OH,OH,2,USA,U11,M
42159196,GTFC Impact Boys 2015 Blue,GTFC Impact,OH,OH,2,USA,U11,M
42160471,SJB Premier B15 Blue Jays,Mercury,OH,OH,2,USA,U11,M
42164746,Zzz - Boys 2015 - Gold - Cornwell - 2,LUFC,OH,OH,2,USA,U11,M
42159926,Eastwood Select SC B2015,Eastwood Soccer,OH,OH,2,USA,U11,M
42163354,Cleveland Force 15B Pre-ECNL Blue,Cleveland Force SC,OH,OH,2,USA,U11,M
42159576,Sylvania United Boys 2015 Green,,OH,OH,2,USA,U11,M
42161608,West Geauga U10,West Geauga Soccer Club,OH,OH,2,USA,U11,M
42163641,Kolping SC B15 Orange B,Kolping SC,OH,OH,2,USA,U11,M
42159646,OHFC 2015 Boys (white),Ottawa Hills FC White,OH,OH,2,USA,U11,M
42159554,Pacesetter SC Boys 2015/16 White 24-25,Pacesetter Soccer Club,OH,OH,2,USA,U11,M
42159462,BGSC B2015,Bowling Green SC,OH,OH,2,USA,U11,M
42176624,Worthington United 94 2015 Boys Navy II,Worthington United,OH,OH,2,USA,U11,M
42164078,WASA Grizzly United 2015B White Div 2,Wadsworth Amateur Soccer Association,OH,OH,2,USA,U11,M
42162894,Grandview FC 2015 Boys Blue,Grandview FC,OH,OH,2,USA,U11,M
42159711,Fremont Emeralds B2015,Fremont Emeralds SC,OH,OH,2,USA,U11,M
42161410,North FC West 2015 Boys Blue,North FC,OH,OH,2,USA,U11,M
42162836,Glory SC 2015 Acree,Glory SC,OH,OH,2,USA,U11,M
42162899,OTSC 2015 Boys Orange,Old Town Soccer Club,OH,OH,2,USA,U11,M
42162855,Baltimore Soccer Club 2015 Boys,Liberty Union Youth Soccer Assocation,OH,OH,2,USA,U11,M
42162814,Delaware Knights 2015 BU10 RED,Delaware Knights,OH,OH,2,USA,U11,M
42164007,Western Ohio United B15/16,Shelby County Youth Soccer,OH,OH,2,USA,U11,M
42162670,CE 2015B Mini Bishops,Columbus Force SC,OH,OH,2,USA,U11,M
42164791,Westlake Boys 2015 Black (D2),Westlake Soccer Association - League USA,OH,OH,2,USA,U11,M
42159571,Defiance Strikers B2015,Defiance SA,OH,OH,2,USA,U11,M
42162591,GCKA 2015B Blue,Grove City Kids Association,OH,OH,2,USA,U11,M
42164790,CSC U10 Boys Gray,Cardinal Soccer Club,OH,OH,2,USA,U11,M
42163998,LGSC B15 Wild Tigers,Lawrenceburg Greendale Soccer Club,OH,OH,2,USA,U11,M
42162869,Sporting Columbus Boys 2015 COPL I,Sporting Columbus,OH,OH,2,USA,U11,M
42176227,CAU Force 2015/16B White,Canton Akron United Force,OH,OH,2,USA,U11,M
42159564,Bryan B2015,Bryan SA,OH,OH,2,USA,U11,M
42161396,MSC Gray Boys Travel (2015),Mentor Soccer Club,OH,OH,2,USA,U11,M
42162885,Pride SC 2015B Samba,Pride Soccer Club,OH,OH,2,USA,U11,M
42161996,CUSM 15B Cagliari,Cincinnati United,OH,OH,2,USA,U11,M
42164128,Firelands OHTSL-Dziubek-U11,Firelands SA,OH,OH,2,USA,U11,M
42159600,Bluffton Black B2015,Bluffton SC,OH,OH,2,USA,U11,M
42163743,SPIRE FC 2015 RED BOYS,Spire FC,OH,OH,2,USA,U11,M
42163435,STAR Rush B2015 Blue,STAR Rush Cincinnati,OH,OH,2,USA,U11,M
42161437,CULM 15B Aston Villa,Cincinnati United,OH,OH,2,USA,U11,M
42162916,Locker Elite Fiorintina 2015 Boys,Locker Soccer Academy,OH,OH,2,USA,U11,M
42163978,Ohio Fusion SC B2015 Blue,Bellbrook Soccer Association,OH,OH,2,USA,U11,M
42161710,Inner Cincinnati U11,Inner Cincinnati SA,OH,OH,2,USA,U11,M
42164314,Olmsted Falls-Boy 2015 4th Grade Gold,Olmsted Falls Soccer Association,OH,OH,2,USA,U11,M
42176163,NWC Alliance 15/16 (U10) Boys Elite,NWC Alliance Soccer Club,OH,OH,2,USA,U11,M
42164399,Norton ASC (2015) South DD,Norton Amateur SC,OH,OH,2,USA,U11,M
42164427,Ohio United FC B15 Rovers Blue,Ohio United FC,OH,OH,2,USA,U11,M
42160312,WSC B2015,Wapakoneta SC,OH,OH,2,USA,U11,M
42164740,Ashland United 2015 Boys D1,Ashland United Soccer,OH,OH,2,USA,U11,M
42159625,OHFC 2015 Boys (black),Ottawa Hills FC White,OH,OH,2,USA,U11,M
42162898,DUSC Fire 2015 Boys,Dublin United Soccer Club,OH,OH,2,USA,U11,M
42176753,REVERE U11 D3 S,Revere Soccer Club,OH,OH,2,USA,U11,M
42176937,Solon United 2015 Boys Blue D3E,Solon United,OH,OH,2,USA,U11,M
42160667,CULM 15B Crystal Palace,Cincinnati United,OH,OH,2,USA,U11,M
42162725,Whetstone Park Rangers Red 2015,Whetstone Park Rangers,OH,OH,2,USA,U11,M
42160679,Club Ohio East Pre MLS NEXT 15B,Club Ohio,OH,OH,2,USA,U11,M
42162895,Grandview FC 2015 BU10 White,Grandview FC,OH,OH,2,USA,U11,M
42162917,Locker Elite Sampdoria 2015 Boys,Locker Soccer Academy,OH,OH,2,USA,U11,M
42162893,Club Ohio East 15B Green,Club Ohio,OH,OH,2,USA,U11,M
42161318,Croatia Juniors 2015 Boys Blue,Croatia Jrs,OH,OH,2,USA,U11,M
42176103,Stark United Premier B15,Stark United Premier SC,OH,OH,2,USA,U11,M
42176159,2014 Flames White,Cleveland Futbol Club,OH,OH,2,USA,U11,M
42176344,FC Tippecanoe Storm B2014,,OH,OH,2,USA,U11,M
42176911,2015 U11 BOYS HALL DIV 5 EAST,Riverside Youth Soccer Club,OH,OH,2,USA,U11,M
42162736,UAU 2015 BU U10 SILVER,Upper Arlington United,OH,OH,2,USA,U11,M
42162863,KHPA1 New Albany B15,Kings Hammer New Albany,OH,OH,2,USA,U11,M
42162871,Sporting Columbus Boys 2015 COPL II,Sporting Columbus,OH,OH,2,USA,U11,M
42160560,Butler Fury Youth Soccer Club Boys 2015/2016,Butler Fury Soccer Club,OH,OH,2,USA,U11,M
42176853,2015 Boys (East 4),Willoughby Soccer Club,OH,OH,2,USA,U11,M
42161923,CVSA 2015/16 Boys,Cuyahoga Valley Soccer Academy,OH,OH,2,USA,U11,M
42162880,Club Ohio North Pre MLS NEXT 15B,Club Ohio,OH,OH,2,USA,U11,M
42160358,Oxford United B 2015,Oxford United FC(OH),OH,OH,2,USA,U11,M
42160517,KHPA CINCY B15-A,Kings Hammer Soccer Club,OH,OH,2,USA,U11,M
42162791,Grandview FC Boys 2015 - 5th Grade,Grandview FC,OH,OH,2,USA,U11,M
42162775,DUSC Limerick 2015 Boys,Dublin United Soccer Club,OH,OH,2,USA,U11,M
42160631,Kenston FC 2015 Boys White,Kenston Futbol Club,OH,OH,2,USA,U11,M
42160155,Northwest FC 2015B White,Northwest FC,OH,OH,2,USA,U11,M
42161069,GFSC 2015B Black D6 East,GFSC Geauga Federation Soccer Club,OH,OH,2,USA,U11,M
42163174,Mercury Premier B15 Navy,Mercury,OH,OH,2,USA,U11,M
42162921,Appleseed Premier 2015 Gold,Appleseed Premier,OH,OH,2,USA,U11,M
42162852,MV Sting SC u11 Boys 2015,MVSA Sting,OH,OH,2,USA,U11,M
42164152,BSAB2015YELLOW,Bees Soccer Academy,OH,OH,2,USA,U11,M
42164628,Hudson United 2015 Boys Blue RENN 1,Hudson United Soccer Club,OH,OH,2,USA,U11,M
42162908,Worthington United 94 2015 Boys Gray,Worthington United,OH,OH,2,USA,U11,M
42162803,DUSC Grizzlies 2015 Boys,Dublin United Soccer Club,OH,OH,2,USA,U11,M
42186296,Toledo Celtics 2014 Boys Black,Toledo Celtics,OH,OH,2,USA,U11,M
42161859,Lakota FC B15 Gray,Lakota Futbol Club,OH,OH,2,USA,U11,M
42162747,DUSC Fighting Irish 2015 Boys,Dublin United Soccer Club,OH,OH,2,USA,U11,M
42162647,CE 2015B Scorpions,Columbus Force SC,OH,OH,2,USA,U11,M
42159935,FC Storm B15 Loveland Blue,FC Storm,OH,OH,2,USA,U11,M
42159009,2015 CEFC Zizou,Final Third Foundation Affiliate,OH,OH,2,USA,U11,M
42162890,Blast FC 2015B Red,Blast FC Soccer Academy,OH,OH,2,USA,U11,M
42176186,Cleveland Force 15B Black East,Cleveland Force SC,OH,OH,2,USA,U11,M
42176446,FC Cleveland Flames U11 Boys 1,FC Cleveland Flames,OH,OH,2,USA,U11,M
42162991,STAR Rush B2015 White,STAR Rush Cincinnati,OH,OH,2,USA,U11,M
42162566,GCKA 2015B White,Grove City Kids Association,OH,OH,2,USA,U11,M
42159939,FC Storm B15 Milford Orange,FC Storm,OH,OH,2,USA,U11,M
42162780,Granville United FC 2015 Boys,Granville United FC,OH,OH,2,USA,U11,M
42162923,FC Columbus Barcelona 2015 Boys,FC Columbus,OH,OH,2,USA,U11,M
42160680,Club Ohio East 15B Academy III,Club Ohio,OH,OH,2,USA,U11,M
42163193,Team Challenger FC 15/16B Gold,Team Challenger FC South,OH,OH,2,USA,U11,M
42159119,2015 Boys G,ESSL Arsenal,OH,OH,2,USA,U11,M
42160663,TFA B15 Gold,Total Futbol Academy(OH),OH,OH,2,USA,U11,M
42163549,North FC Hudson 2015 Boys Blue,North FC,OH,OH,2,USA,U11,M
42162864,KHPA2 New Albany B15,Kings Hammer New Albany,OH,OH,2,USA,U11,M
42162723,Whetstone Park Rangers Blue 2015,Whetstone Park Rangers,OH,OH,2,USA,U11,M
42162649,CE 2015B Fire Dragons,Columbus Force SC,OH,OH,2,USA,U11,M
42163378,STAR Rush B2015 Grey,STAR Rush Cincinnati,OH,OH,2,USA,U11,M
42162884,Pride SC 2015B Copa Grey,Pride Soccer Club,OH,OH,2,USA,U11,M
42159592,Delta FC B 2015,Delta FC,OH,OH,2,USA,U11,M
42161075,Ohio United FC B15 Academy,Ohio United FC,OH,OH,2,USA,U11,M
42163447,TCSC 2015 Boys,Tri-County Soccer Club,OH,OH,2,USA,U11,M
42160853,Springboro Force B2015,Springboro Force SC,OH,OH,2,USA,U11,M
42173642,Mercury B2015 Pre ECNL,Mercury,OH,OH,2,USA,U11,M
42164103,DFA 2015B Gold,Dayton Futbol Academy,OH,OH,2,USA,U11,M
42164234,CUSM 15B Dinamo Zagreb,Cincinnati United,OH,OH,2,USA,U11,M
42162760,Club Oranje Raptors 2015 BU11,Club Oranje,OH,OH,2,USA,U11,M
42162850,WSP Cobras SC Tillar 2015 Boys,Worthington United,OH,OH,2,USA,U11,M
42160529,NWC Alliance 2015 Boys Premier,NWC Alliance Soccer Club,OH,OH,2,USA,U11,M
42176424,P24Masia,Soccer Vision Academy- OH Boys,OH,OH,2,USA,U11,M
42163559,Cleveland Force 15B Yellow East,Cleveland Force SC,OH,OH,2,USA,U11,M
42162907,Worthington United 94 2015 Boys Red,Worthington United,OH,OH,2,USA,U11,M
42160632,Pacesetter SC Boys 2015 Red Pre-ECNL 24-25,Pacesetter Soccer Club,OH,OH,2,USA,U11,M
42160646,KH PreElite CINCY B15-1,Kings Hammer Soccer Club,OH,OH,2,USA,U11,M
42162729,LFC United 2015 B Premier 2,LFC United,OH,OH,2,USA,U11,M
42176818,TCFC Red Dragons B2015,Taylor Creek Youth Organization,OH,OH,2,USA,U11,M
42162910,Worthington United 94 2015 Boys Black,Worthington United,OH,OH,2,USA,U11,M
42160760,Cincinnati Elite FC B15 Elite,Cincinnati Elite FC,OH,OH,2,USA,U11,M
42163111,Madeira FC B2015 Blue,Madeira FC,OH,OH,2,USA,U11,M
42162726,FREEDOM 2015 BOYS,Freedom Soccer Club,OH,OH,2,USA,U11,M
42163043,Mercury 2015 west 2,Mercury,OH,OH,2,USA,U11,M
42162999,GTFC Impact Boys 2015 Premier Pre ECNL B15,GTFC Impact,OH,OH,2,USA,U11,M
42163307,MSC Express 2015 Boys White,Maumee SC,OH,OH,2,USA,U11,M
42159117,Napoleon B2015,Napoleon SC,OH,OH,2,USA,U11,M
42164570,Boys 2015 Red - East 3,Shaker Youth Soccer Assn - Premier Football Club,OH,OH,2,USA,U11,M
42176194,2015 boys,Caps FC,OH,OH,2,USA,U11,M
42163642,BSA Celtic 15B Red,Ohio Galaxies FC,OH,OH,2,USA,U11,M
42164833,2015 Boys Black - 5 East - Voase,Brunswick Soccer Association,OH,OH,2,USA,U11,M
42177019,4th Boys Tournament Twinsburg,Twinsburg AC Soccer,OH,OH,2,USA,U11,M
42177006,Orange SC 2015 Boys Quinn,Orange Soccer Club,OH,OH,2,USA,U11,M
42176841,BUCKS RONSKY U11,Buckeye Soccer Association,OH,OH,2,USA,U11,M
42163290,Bethel FC 2015B Green,Bethel Area Youth Soccer Association,OH,OH,2,USA,U11,M
42161939,Alder FC 2015 Boys U10 24/25,Alder FC,OH,OH,2,USA,U11,M
42162900,OTSC 2015 Boys Blue,Old Town Soccer Club,OH,OH,2,USA,U11,M
42163698,BSA Celtic 15B Red 2,Ohio Galaxies FC,OH,OH,2,USA,U11,M
42164285,Boys 2015 Purple 3W,North Royalton Soccer Club,OH,OH,2,USA,U11,M
42160617,Lakota FC B15 White,Lakota Futbol Club,OH,OH,2,USA,U11,M
42164171,Bay Village Boys U10 D4 Briggs,Bay Soccer Club,OH,OH,2,USA,U11,M
42176761,Columbia Raiders Boys U11 - Division 3 West,Columbia Soccer Association,OH,OH,2,USA,U11,M
42162831,2015 CEFC Özil,Final Third Foundation Affiliate,OH,OH,2,USA,U11,M
42162837,Glory SC 2015 Sipe,Glory SC,OH,OH,2,USA,U11,M
42174319,BUSC B15 Purple,Butler United SC,OH,OH,2,USA,U11,M
42164646,Highland Galaxy U11 South 3,Highland Youth Soccer,OH,OH,2,USA,U11,M
42162849,WSP Tornadoes 2015 Boys,Worthington United,OH,OH,2,USA,U11,M
42164276,First Capital FC B15,First Capital FC,OH,OH,2,USA,U11,M
42176760,Fairview Park U11 Boys 4 West,Fairview Park Soccer Association,OH,OH,2,USA,U11,M
42164167,Parma Boys - U10 West 4,Parma Soccer Club,OH,OH,2,USA,U11,M
42176606,CU North 15B Puma One,Cincinnati United,OH,OH,2,USA,U11,M
42160427,Northwest FC 2015B Grey,Northwest FC,OH,OH,2,USA,U11,M
42163813,Chaos FC 2015B,Chaos FC,OH,OH,2,USA,U11,M
42174304,GC Cosmos B2015 Nighthawks,Greene County Cosmos,OH,OH,2,USA,U11,M
42163512,ACSC B2015 Blue,Alliance Cincinnati SC,OH,OH,2,USA,U11,M
42161334,MSC Red Boys Travel (2015),Mentor Soccer Club,OH,OH,2,USA,U11,M
42163366,BCSA 2015 Boys,BCSA,OH,OH,2,USA,U11,M
42163332,Little Miami FC 2015/2016 Boys,Little Miami FC,OH,OH,2,USA,U11,M
42161478,Mercury B15 West 2,Mercury,OH,OH,2,USA,U11,M
42164807,Kenston FC 2015 Boys White,Kenston Futbol Club,OH,OH,2,USA,U11,M
42164772,Westlake Boys 2015 White (D5W),Westlake Soccer Association - League USA,OH,OH,2,USA,U11,M
42164767,Medina Rangers 2015 U11 Green D2,Medina Soccer Association,OH,OH,2,USA,U11,M
42163466,Total Ginga Academy 2015,Total Ginga Academy,OH,OH,2,USA,U11,M
42162643,LFC United 2015 B Premier 1,LFC United,OH,OH,2,USA,U11,M
42162902,Club Ohio West 15B Academy II,Club Ohio,OH,OH,2,USA,U11,M
42162896,Grandview FC 2015 Boys Red,Grandview FC,OH,OH,2,USA,U11,M
42174975,U11 Wick FC Boys D3,Wickliffe Travel Soccer Club,OH,OH,2,USA,U11,M
42176196,OSUB15Black,Ohio Strikers United,OH,OH,2,USA,U11,M
42176709,FOSC Lebanon Warrior Premier B2015,Fairfield Optimist Soccer Club,OH,OH,2,USA,U11,M
42176961,New Phila U11 Boys - South 5,New Philadelphia Youth Soccer Association,OH,OH,2,USA,U11,M
42176900,Aurora United U10/11 Boys BLACK,Aurora United Soccer,OH,OH,2,USA,U11,M
42176191,FC Storm B15 Premier 2,FC Storm,OH,OH,2,USA,U11,M
42164811,NCSC U10,North Canton Soccer Club - League Team,OH,OH,2,USA,U11,M
42176875,UAU 2015 BU U11 SILVER,Upper Arlington United,OH,OH,2,USA,U11,M
42176879,Mentor U11 Red Boys Travel,Mentor Soccer Club,OH,OH,2,USA,U11,M
42176981,CU North 15B Evo Power,Cincinnati United,OH,OH,2,USA,U11,M
42163776,Solon United 2015 White,Solon United,OH,OH,2,USA,U11,M
42163791,Kolping SC B15 White,Kolping SC,OH,OH,2,USA,U11,M
42163887,Cleveland Kickers 2015 Boys,Cleveland Kickers Soccer Club,OH,OH,2,USA,U11,M
42164032,SouthStars SC B15 Blue,SouthStars SC,OH,OH,2,USA,U11,M
42164164,Manta 2015 Boys Black,Manta United Soccer Club,OH,OH,2,USA,U11,M
42173673,FC Dayton B15 Navy,FC Dayton,OH,OH,2,USA,U11,M
42160931,Mercury B15 Pre ECNL,Mercury,OH,OH,2,USA,U11,M
42160712,Passion FC 2015B Blue,On Goal Passion FC,OH,OH,2,USA,U11,M
42161925,CVSA 2015 Boys White,Cuyahoga Valley Soccer Academy,OH,OH,2,USA,U11,M
42176854,2015 Boys (East 6),Willoughby Soccer Club,OH,OH,2,USA,U11,M
42176776,Toledo Celtics 2015 Boys Black,Toledo Celtics,OH,OH,2,USA,U11,M
42176739,B2015 Birth Year (Gold)-U11 (Division 5 South),Stow Soccer Club,OH,OH,2,USA,U11,M
42162879,DUSC Sharks 2015 Boys,Dublin United Soccer Club,OH,OH,2,USA,U11,M
42162918,Locker Elite Torino 2015 Boys,Locker Soccer Academy,OH,OH,2,USA,U11,M
42176378,Columbus United B'15 Foxes,Columbus United,OH,OH,2,USA,U11,M
42164496,Boys 2015 Silver - 7 East,Shaker Youth Soccer Assn - Premier Football Club,OH,OH,2,USA,U11,M
42164640,GREEN U10B BLACK DIV 3 S,Green SA,OH,OH,2,USA,U11,M
42164705,Avon Lake Maroon,Avon Lake Soccer Organization,OH,OH,2,USA,U11,M
42164768,Medina Rangers 2015 U11 White S3,Medina Soccer Association,OH,OH,2,USA,U11,M
42160937,CUSE 15B Chelsea,Cincinnati United,OH,OH,2,USA,U11,M
42164243,Northern Alliance B2016 Blue,Northern Alliance SC,OH,OH,2,USA,U11,M
42160727,Northern Alliance B2015 White,Northern Alliance SC,OH,OH,2,USA,U11,M
42164534,B15-5W - Gblah (U11),LUFC,OH,OH,2,USA,U11,M
42162881,Zanesville Arsenal SC 2015B,Zanesville Arsenal SC,OH,OH,2,USA,U11,M
42162901,Club Ohio West 15B Academy I,Club Ohio,OH,OH,2,USA,U11,M
42164077,WASA Grizzly United 2015B Red Div 6S,Wadsworth Amateur Soccer Association,OH,OH,2,USA,U11,M
42169503,GC Cosmos B2015 Aviators,Greene County Cosmos,OH,OH,2,USA,U11,M
42176947,Boys U11 3 South,North Royalton Soccer Club,OH,OH,2,USA,U11,M
42163545,Croatia Juniors 2015 Boys White,Croatia Jrs,OH,OH,2,USA,U11,M
42164127,Boys U11 - Knotek 2,Avon Lake Soccer Organization,OH,OH,2,USA,U11,M
42176944,NCSC U11 Boys Black South 3,North Canton Soccer Club - League Team,OH,OH,2,USA,U11,M
42160482,CUSE 15B Everton,Cincinnati United,OH,OH,2,USA,U11,M
42163699,Bethel FC 2015B Yellow,Bethel Area Youth Soccer Association,OH,OH,2,USA,U11,M
42162813,Delaware Knights 2015 BU10 BLACK,Delaware Knights,OH,OH,2,USA,U11,M
42161060,Cincy SC B15 Navy,Cincy SC,OH,OH,2,USA,U11,M
42176960,Solon United 2015 Boys White D4E,Solon United,OH,OH,2,USA,U11,M
42161740,Oakwood United - B15 Navy,Oakwood United SC,OH,OH,2,USA,U11,M
42163438,Cincy SC B15 Elite,Cincy SC,OH,OH,2,USA,U11,M
42175934,COE 2015/2016B Blue,Central Ohio Elite,OH,OH,2,USA,U11,M
42164415,CFSC 2015 Boys D2,Cuyahoga Falls Soccer Club - League Team,OH,OH,2,USA,U11,M
42176946,Aurora United U11 Green,Aurora United Soccer,OH,OH,2,USA,U11,M
42176050,Eclipse East Crossfire,Eclipse FC,OH,OH,2,USA,U11,M
42176945,NCSC U11 Boys Orange South 5,North Canton Soccer Club - League Team,OH,OH,2,USA,U11,M
42164592,Elevate FC BU11 2015 Blue,Elevate FC,OH,OH,2,USA,U11,M
42176458,KHA3 New Albany B14,,OH,OH,2,USA,U11,M
42176457,KHA2 New Albany B14,Kings Hammer New Albany,OH,OH,2,USA,U11,M
42176388,CE 2015B Spartans,Columbus Force SC,OH,OH,2,USA,U11,M
42163050,Metro FC B15 White,Ohio Galaxies FC,OH,OH,2,USA,U11,M
42173612,Hilltop Tigers 2015 Boys,Hilltop SC,OH,OH,2,USA,U11,M
42161362,FCFC U10 Boys,First Capital FC,OH,OH,2,USA,U11,M
42159489,AW United Boys 2015 Black,Anthony Wayne United SC,OH,OH,2,USA,U11,M
42159490,AW United Boys 2015 White,Anthony Wayne United SC,OH,OH,2,USA,U11,M
42164284,Boys 2015 Gold 4W,North Royalton Soccer Club,OH,OH,2,USA,U11,M
42164310,Big Cats B2015,Big Cat SC,OH,OH,2,USA,U11,M
42164358,Edgewood Premier FC B15,Edgewood Premier FC,OH,OH,2,USA,U11,M
42177213,Ohio United FC B15 Academy 2,Ohio United FC,OH,OH,2,USA,U11,M
42161563,Cleveland Select U11 Boys,CASA - Cleveland Select,OH,OH,2,USA,U11,M
42164565,Zzz - Boys 2015 - Purple - DeWine - West 4,LUFC,OH,OH,2,USA,U11,M
42164713,Highland Wolves U11 South 6,Highland Youth Soccer,OH,OH,2,USA,U11,M
42163780,Solon United 2015 Blue,Solon United,OH,OH,2,USA,U11,M
42163351,BUSC B15 Gray Thunder,Butler United SC,OH,OH,2,USA,U11,M
42176817,NHSA Boys 2015 (East 5),Nordonia Hills Soccer Association,OH,OH,2,USA,U11,M
42176307,Club Ohio Dayton 15B Black,Club Ohio,OH,OH,2,USA,U11,M
42177013,U11 Boys White - 4S - Panasewicz,Brunswick Soccer Association,OH,OH,2,USA,U11,M
42177010,Hudson United 2015 Boys White SHUT 4 East,Hudson United Soccer Club,OH,OH,2,USA,U11,M
42160544,Madison Missiles Boys U11 D5,Madison Soccer League,OH,OH,2,USA,U11,M
42160627,EDGE FC 2015 Academy Boys,Greater Firelands FC,OH,OH,2,USA,U11,M
42176343,Bethel FC 2015B,,OH,OH,2,USA,U11,M
42176531,AMU B15,,OH,OH,2,USA,U11,M
42176550,Columbus United Boys B14 Navy,Columbus United,OH,OH,2,USA,U11,M
42176679,North FC Hudson/Chagrin 2015 Boys NPL,North FC,OH,OH,2,USA,U11,M
42175647,SPIRE FC GENEVA U11 BOYS,Spire FC,OH,OH,2,USA,U11,M
42161920,North FC Chagrin 2015 Boys NPL,North FC,OH,OH,2,USA,U11,M
42159553,Pacesetter SC Boys 2016 Black 24-25,Pacesetter Soccer Club,OH,OH,2,USA,U11,M
42176158,Cleveland Futbol Club 2014 maroon Flames,Cleveland Futbol Club,OH,OH,2,USA,U11,M
42176164,NWC Alliance 15/16 (U10) Boys Premier,NWC Alliance Soccer Club,OH,OH,2,USA,U11,M
42161675,Springfield Thunder SC B2015 Navy,Springfield Thunder SC,OH,OH,2,USA,U11,M
42163940,ACSC B2015/2016 Academy,Alliance Cincinnati SC,OH,OH,2,USA,U11,M
