gotsport_team_id,display_name,club,state,team_association_raw
42160508,FUTBOLTECH CHSC - 2015 LIVERPOOL,Futboltech,NJ,NJ
42162049,Las Vegas Sports Academy U11 Boys Red 2015,Las Vegas Sports Academy,NV,NV
42158579,Magnifico FC B15E,Magnifico FC,NV,NV
42158691,2015 (U11) Pre MLS,Miami Futbol Academy Rush ,FL,FL
42158613,Weston FC 2015 Future Elite I,Weston FC,FL,FL
42171732,2015 Boys Blue,Pinecrest Premier Soccer,FL,FL
42162343,AZ Arsenal Pre-ECNL B15,Arizona Arsenal Soccer Club,AZ,AZ
42161810,Weston FC 2015 Future Elite II,Weston FC,FL,FL
42161560,KBSC Academy 2015,Key Biscayne SC,FL,FL
42159809,Coppermine SC 2015 Boys Pre-Academy I,Coppermine Soccer Club,MD,MD
42160248,Henderson LVSA '15B Black,Henderson-LVSA,NV,NV
42161356,SYC 2015B Pre-MLS Next,Springfield SYC Soccer,VA,VA
42161887,ONE FC B2015 BLACK,NEUESPORTS,FL,FL
42161284,Chelsea 15B,Renegades Soccer Club,AZ,AZ
42161849,2015 Boys White,SABR - Team Boca,FL,FL
42158686,Ajax United 15B Academy Pre-MLS Next,Ajax United,CAN,CAN
42159695,Phoenix United 2015 Elite,Phoenix United Futbol Club,AZ,AZ
42159050,Lightning 15 Black,San Juan Soccer Club,CAN,CAN
42170695,2015-BOYS TEAM ORANGE,Miami Shores Soccer Club,FL,FL
42161197,FPFC PRE ECNL I B15,Florida Premier FC,FL,FL
42158378,TFA-Pro B2015,TOTAL FUTBOL ACADEMY (CA),CAS,CAS
42160720,ACADEMIA METODO COIRA 2015 ELITE,Miami Athletic Club,FL,FL
42162707,Southeast 2015 Boys Red,Next Level Soccer (AZ),AZ,AZ
42160296,MVP FC 15B,MVP Futbol Club ,FL,FL
42159917,Southeast 2015 Boys Black,Next Level Soccer (AZ),AZ,AZ
42158901,MVLA 15B Liverpool Blue,Mountain View Los Altos Soccer Club,CAN,CAN
42159441,CVFA 15B Academy,CV Futbol Academy,CAN,CAN
42158560,Real FA 2015 Pre-MLS,Real Futbol Academy,NJ,NJ
42159536,FC Dallas Youth Pre ECNL B15 Red Reyes,FC Dallas Youth,TXN,TXN
42159960,Northwest 2015 Boys Black,Next Level Soccer (AZ),AZ,AZ
42171454,CFC 15 Premier,Coerfontaine FC,FL,FL
42161764,Premier Touch FC IE B15,Premier Touch Futbol Club,CAS,CAS
42160812,GALACTICOS SOCCER ACADEMY 2015 ELITE,,FL,FL
42159697,S.S.A15B7,Spann Soccer Academy,TXN,TXN
42158873,Las Vegas Sports Academy U11 Boys White 2015,Las Vegas Sports Academy,NV,NV
42159959,BRAZAS FC 2015 Boys Black,Brazas Futebol Club,AZ,AZ
42158318,Black Conshy '15 (B),FC DELCO,PAE,PAE
42158710,Tampa Dynamo FC 2015B Red,Tampa Dynamo FC,FL,FL
42160122,B2015 Pre-NPL,Claremont Stars Soccer Club,CAS,CAS
42159069,USA Stars Academy 15/16 B,USA Stars Academy,CAN,CAN
42158525,Strikers Miami FC 2015 PRE ECNL,Strikers Miami FC ,FL,FL
42160739,15B AChacon Pre-MLS Next,RSL-AZ North,AZ,AZ
42170862,WS 2015B Messi,Weston Select Soccer Club,FL,FL
42158915,Burlingame SC 2015B Pre-MLS Next,Burlingame Soccer Club,CAN,CAN
42158683,B2015 Academy,Brooklyn United Academy,NYE,NYE
42162422,CSSA 2015W White,Coral Springs Soccer Academy & Futsal,FL,FL
42160486,Bethesda Academy I 2015,Bethesda SC,MD,MD
42159930,CCV Stars 15 Boys North Pre-ECNL,CCV STARS,AZ,AZ
42159838,TFA-SELA B2015 Red,TOTAL FUTBOL ACADEMY (CA),CAS,CAS
42158483,Stockton Storm FC 2015 Boys Blue,Stockton Storm Futbol Club,CAN,CAN
42161526,Phoenix Premier FC 15B Black,Phoenix Premier FC,AZ,AZ
42158863,Rocklin FC 15B Navy,Rocklin FC,CAN,CAN
42161788,State 48 FC Avondale 15 Copper,State 48 FC,AZ,AZ
42159427,ESJFC 15B Academy,East San Jose FC,CAN,CAN
42159348,Stockton TLJ FC 2015B RED,Stockton TLJ FC,CAN,CAN
42159806,Sting Attack B15 A Sarmiento Elite,Sting Soccer Club,TXN,TXN
42160761,2015B Red Pre ECNL,FC America,FL,FL
42160762,State 48 FC 15 Elite,State 48 FC,AZ,AZ
42158611,JFC 2015 Pre MLS Academy I,Jacksonville FC,FL,FL
42159143,Turlock Academica Jrs 15B Black,Turlock Academica Jrs,CAN,CAN
42159413,15B Red,Sacramento United,CAN,CAN
42160701,Lions U11 Red (2015),Miami Futbol Academy Rush ,FL,FL
42160992,Weston FC 2015 Boys Black,Weston FC,FL,FL
42172688,Aventura FC Bold Nation 2015B Gold,AVENTURA F.C. BOLD NATION,FL,FL
42161701,2015B Black,FD Football Club,FL,FL
42158545,15B Black,Philadelphia Ukrainian Nationals,PAE,PAE
42158176,Anaheim FC B2015 PDA Pre-NPL,Anaheim Futbol Club,CAS,CAS
42163625,Azzurri Storm 2015 Boys Select,"Azzurri Storm Soccer, Inc.",FL,FL
42170863,WS 2015B Tevez,Weston Select Soccer Club,FL,FL
42158917,2015B Pre-MLS Next,Elk Grove Soccer,CAN,CAN
42158780,IMCF Academy 2015,Inter Miami CF,FL,FL
42158409,LMSC 2015B Navy,Lower Merion SC,PAE,PAE
42168603,OCSS South 2015 Pre MLS 1,Orlando City Soccer Club,FL,FL
42160261,Vegas United ‘15 Boys Elite,Vegas United Soccer Club,NV,NV
42160527,SAC Boys 2015 - Pre-MLS NEXT,SAC/BA,MD,MD
42160278,LV Heat Surf B15 Pre NP Henderson,LV Heat Surf SC ,NV,NV
42158652,FHFC 2015 B Blue,Florida Hawks Futbol Club,FL,FL
42160924,2015B BLACK,Miami Breakers FC,FL,FL
42158667,TBU 2015B Pre MLS Next North,Tampa Bay United,FL,FL
42158797,Lamorinda United 2015B Pre-MLS,Lamorinda SC,CAN,CAN
42158157,Placer United 15B Pre-ECNL,Placer United Soccer Club,CAN,CAN
42162258,Utah United Academy 2015,Utah United Academy,UT,UT
42159432,Stanford Strikers 15B Pre ECNL RL,Stanford Strikers FC,CAN,CAN
42158840,AC Marin Boys 2015 Black,AC Marin,CAN,CAN
42158668,TBU 2015B Pre MLS Next South,Tampa Bay United,FL,FL
42161728,FCDA 2015B Pre - Academy,FC Deportivo Arizona,AZ,AZ
42158608,Magnifico FC B15P,Nevada Youth Soccer,NV,NV
42161095,XF B15 RCL1,,WA,WA
42159778,CES - Real Betis Academy Miami Elite 2015 A,Coral Estates S.C.,FL,FL
42161269,SWFL B15 PRE-ECNL,Florida Premier FC,FL,FL
42176828,ONE FC B2015 PRE-MLS,NEUESPORTS,FL,FL
42158986,Alameda SC Islanders 15B Red,Alameda Soccer Club,CAN,CAN
42160693,SYC 2015B Pre-MLS Next II,Springfield SYC Soccer,VA,VA
42161802,Prime United,Tournament Team,PAE,PAE
42161021,Deportivo Cali Doral 2015 Elite Redin,Miami Stars Soccer,FL,FL
42158478,FBS-FC 2015 Orange,Futbol Beach Soccer Futsal Club,FL,FL
42161336,RAYADOS LAS VEGAS SOCCER ACADEMY 2015 BLUE,Rayados Las Vegas Soccer Academy,NV,NV
42158242,FRAM 15B EA,FRAM SC,CAS,CAS
42160150,2015-BOYS TEAM BLACK,Miami Shores Soccer Club,FL,FL
42159961,Southeast 2015 Boys Green,Next Level Soccer (AZ),AZ,AZ
42158655,Greenwood 2015 Pre-MLS Next,Tulsa Greenwood SC,OK,OK
42158807,Marin FC B15Blue,Marin FC,CAN,CAN
42160958,Scottsdale 15 Sandsharks Select,North Scottsdale Soccer Club,AZ,AZ
42159724,Northwest 2015 Boys Red,Next Level Soccer (AZ),AZ,AZ
42160298,VILLARREAL LV U11 EA Yellow-SamA,Villarreal Las Vegas Academy,NV,NV
42160211,LV Heat Surf B15 Pre RP Henderson,LV Heat Surf SC ,NV,NV
42170600,Pre ECNL B15,Davie United SC,FL,FL
42161839,FLFC 2015 Boys Premier,Florida Legends Football Club,FL,FL
42158155,2015 Boys Black - Mbappe,Lehigh Valley United,PAE,PAE
42159867,Southeast 2015 Boys Blue,Next Level Soccer (AZ),AZ,AZ
42159004,Roseville SC 2015B Green,Roseville Youth Soccer Club,CAN,CAN
42158836,Mustang SC 15B Pre-ECNL,Mustang Soccer,CAN,CAN
42158013,City SC B15 Pre MLS Next- Jones,City SC,CAS,CAS
42160991,Players 15 Boys Junior Elite,Players SC,NV,NV
42161270,Raiders FC 2015,Raiders FC,IL,IL
42162342,15B Garza Pre MLS Next,RSL-AZ Southern AZ,AZ,AZ
42159060,North Coast FC 15B Blue,North Coast Futbol Club,CAN,CAN
42159135,15B Red,Sunnyvale Alliance SC,CAN,CAN
42159111,Molano Futbol Academy Elite 2015B,Molano Futbol Academy,TXN,TXN
42162356,Palm Beach Wolves SC 2015,Sports Paradize Soccer Academy,FL,FL
42160916,LFA Blue Star 2015B,Lou Fusz Athletic,MO,MO
42162003,2015 Black,South Miami United FC,FL,FL
42163113,Surf Select Boys 2015,New England Surf,MA,MA
42160946,2015 Boys Merrimack Elite,FC Boston Bolts,MA,MA
42158768,LSC 2015B - Gold (Rangers),Loomis Youth Soccer Club,CAN,CAN
42160271,Albion SC Santa Ana B15 Academy,ALBION SC Los Angeles,CAS,CAS
42158620,Doral SC Elite 2015,Doral SC,FL,FL
42158675,FA Euro 2015 Pre-MLS Academy,FA Euro New York,NYE,NYE
42161620,Sting Attack Waco B15 Gonzalez - ARCHIVE,Sting Soccer Club,TXN,TXN
42159045,Solar Pre-ECNL 15B Rodriguez,Solar SC,TXN,TXN
42159440,CVFA 15B Academy II,CV Futbol Academy,CAN,CAN
42158770,PBG 15 PRE-ECNL BOYS NIKE,Palm Beach Kicks,FL,FL
42162337,One Nation Pre MLS NEXT 2015,One Nation Soccer Academy,MD,MD
42159205,Valley Surf 15B Pre-ECNL II,Valley Surf | America,CAN,CAN
42162409,West Pines United FC 2015 Elite,West Pines United FC,FL,FL
42161155,Catalyst 15 N,HTX,TXS,TXS
42163046,AZSC 2015B Navy,Arizona Soccer Club,AZ,AZ
42161840,CCV Stars 15 Boys West Pre-ECNL,CCV STARS,AZ,AZ
42161530,PRFC West Valley 15B Pre-Academy,Phoenix Rising FC,AZ,AZ
42159595,SLSG MO B 2015 Academy Navy,St. Louis Scott Gallagher,MO,MO
42158806,1974 NFC 2015B Pre-ECNL,1974 Newark FC,CAN,CAN
42158823,Davis Legacy 15B Red,Davis Legacy Soccer Club,CAN,CAN
42160369,15 Pre-MLS Next #1,FC Tucson Youth Soccer,AZ,AZ
42159336,JSC 15B Black,JSC Soccer Club,CAN,CAN
42158622,ECFC 15B Black Pre-ECNL,Monterey County Soccer-ECFC Salinas,CAN,CAN
42160868,Valencia 2015 Black North,Valencia Soccer Academy,NJ,NJ
42163968,Silva Select 2015,Silva Select ,FL,FL
42159310,Mexico 15 Elite,Ceres Rush,CAN,CAN
42162458,Fort Lauderdale FC 15 Boys Blue,Fort Lauderdale Select FC,FL,FL
42160454,CAT 2015 ELITE BOYS,Complete Athlete Training,NJ,NJ
42158292,2015 Boys,Lehigh Valley Gore FC,PAE,PAE
42161634,15 Kraze Pre ECNL,Florida Kraze Krush,FL,FL
42162145,B2015 FERMIN,BARCA Academy Pro Miami,FL,FL
42160725,PRFC Scottsdale 15B Pre-Academy,Phoenix Rising FC,AZ,AZ
42161648,2015 Boys (FL),Naples United FC,FL,FL
42163331,PRFC Southeast Valley 15B Pre-Academy,Phoenix Rising FC,AZ,AZ
42158953,Santa Clara Sporting 15B Green,Santa Clara Sporting,CAN,CAN
42159400,Hughson United 2015B,Hughson United,CAN,CAN
42160732,15 Boys Navy,FC Batavia,AZ,AZ
42160477,2015 (U11) Black,Miami Futbol Academy Rush ,FL,FL
42158172,2015 Boys APEX,Montgomery United SC,PAE,PAE
42158730,ANBBK Boynton Beach Knights BBK-2015-B-Black,Boynton Beach Knights,FL,FL
42161570,PSG 15B Blue,Paris Saint-Germain Academy Phoenix,AZ,AZ
42158500,SD Surf Academy Boys 2015 (Keith),San Diego Surf Soccer Club,CAS,CAS
42163304,U-11 (2015) San Luis Boys Pre Academy,SC del Sol,AZ,AZ
42161775,2015 Boys OCLN PreECNL,Orlando City Soccer School Lake Nona,FL,FL
42158687,St Petersburg FC Boys 2015 SPFC,St. Petersburg Football Club,FL,FL
42161507,Excel Soccer Academy 15B Red,Excel Soccer Academy,AZ,AZ
42160785,2015 CTC Hialeah City FC BLUE,CTC Bandits FC,FL,FL
42159159,Dnamo FC Cruzeiro,Dnamo FC,CAN,CAN
42175819,Philadelphia Union -SWAG Academy 2015,Philadelphia Union,PAE,PAE
42161967,Solrise Soccer Academy 2015B Elite,Solrise Soccer Academy,FL,FL
42158125,B2015 Blue,Downey United Football Club,CAS,CAS
42175389,SD Surf Pre-ECNL Boys 2015 II (Miller),San Diego Surf Soccer Club,CAS,CAS
42158269,Strikers FC Irvine 2015 Harrison EA,Strikers FC,CAS,CAS
42161078,PRFC Scottsdale 15B Predator,Phoenix Rising FC,AZ,AZ
42174881,SD Surf Pre-ECNL Boys 2015 I (Garton),San Diego Surf Soccer Club,CAS,CAS
42158325,2015 Boys Black,Pipeline Soccer Club,MD,MD
42159558,Sharks Academy B2015,Merrick/South Merrick PAL,NYE,NYE
42158441,PreECNL 2015,Penn Fusion Soccer Academy,PAE,PAE
42160973,15B OMolina,RSL-AZ South,AZ,AZ
42161043,SK Sunblazer U10 Gold,"South Kendall Sunblazer Soccer Club, Inc.",FL,FL
42159015,2015B Pre-ECNL,Los Gatos United Soccer Club,CAN,CAN
42158263,FC Scorpions B2015 Academy,FC Scorpions (CA),CAS,CAS
42158769,Blues 15B Navy,Blues FC,CAN,CAN
42158832,Yuba Elite FC 15B Gold,Yuba Elite FC,CAN,CAN
42158978,Burlingame SC 2015B Gray,Burlingame Soccer Club,CAN,CAN
42159633,PRFC Scottsdale 15B Copa,Phoenix Rising FC,AZ,AZ
42162146,B2015 ERIC GARCIA,BARCA Academy Pro Miami,FL,FL
42159282,Club Ohio United 15B Black,Club Ohio,OH,OH
42162223,MP 15 Blue,South Carolina Surf SC,SC,SC
42160828,PRFC North Valley 15B Predator,Phoenix Rising FC North Valley,AZ,AZ
42159245,Solano Surf 15B Blue,Solano Surf,CAN,CAN
42161255,NJ Premier B2015 - BLUE,NJ Premier FC,NJ,NJ
42162133,Tuzos Academy Mesa 2015,FBSL,AZ,AZ
42158597,Benicia Arsenal 2015 Boys (Black),Benicia Soccer,CAN,CAN
42160622,ANWSC Wellington SC 2015B Elite White,Wellington SC,FL,FL
42159457,Idaho Juniors 15B Neon,Idaho Juniors FC,ID,ID
42159839,2015 Pre-Academy Green,Brentwood SC (LIJSL),NYE,NYE
42160967,S5A KENDALL U11 ELITE,Soccer 5 Academy ,FL,FL
42161264,2015 (U11) Blue,Miami Futbol Academy Rush ,FL,FL
42158577,Wellington pre ECNL B15,Wellington Soccer Club,FL,FL
42160610,2015 Boys Grey,Pinecrest Premier Soccer,FL,FL
42158838,VUSC 2015 Boys Premier,Vacaville United Soccer Club,CAN,CAN
42162101,INVICTUS SC 15B RED RODRIGUEZ,Invictus SC,TXN,TXN
42162334,Dallas Cosmos 15B Black,Dallas Cosmos Soccer Club,TXN,TXN
42160750,CF 15B Central Black,Concorde Fire ,GA,GA
42159256,NEU 2015 Cobras,Northeast United,PAE,PAE
42160805,Elite 2015 Black,Elite Soccer Academy (FL),FL,FL
42158959,Bayern,Atletico Santa Rosa,CAN,CAN
42159726,CFC Ole B2015 Pre-ECNL,Ole FC,CT,CT
42159258,Monterey Surf 15B Academy I,Monterey Surf Soccer Club,CAN,CAN
42158033,2015 Green,Vereinigung Erzgebirge SC ,PAE,PAE
42161541,Labelle Heat 15/16,Labelle Heat,FL,FL
42163223,Worldwide Soccer Club B2015,Worldwide FC,CAS,CAS
42158558,2015 Boys Grey,Davie United SC,FL,FL
42158744,Doral SC Premier 2015,Doral SC,FL,FL
42158389,HVAA 2015B Fury,Huntingdon Valley AA,PAE,PAE
42161635,2015 LUIS ARAGONES,Atletico de Madrid Academia Miami ,FL,FL
42159186,NBFC 2015 Boys Blue,North Boise FC,ID,ID
42169603,Phoenix United 2015 Academy,Phoenix United Futbol Club,AZ,AZ
42160488,Bethesda Academy II 2015,Bethesda SC,MD,MD
42159224,2015B Pre-MLS Navy,West Florida Flames,FL,FL
42162695,Coachella YSA B15 Desert Xolos,CYSA Premier Academy,CAS,CAS
42160178,Sparta B15 Premier NK,Sparta United,UT,UT
42158284,Strikers FC Ba EA,Strikers FC,CAS,CAS
42158778,B15,Reading Rage Surf,PAE,PAE
42163398,NINJA West Jrs.,NINJA West Football Academy,CAN,CAN
42158880,FCA 15B Blue,Football Club Alliance,CAN,CAN
42160902,GGS 2015 Boys Gold,GGS Soccer Academy,FL,FL
42163023,NE Elite 2015,Tournament Team,PAE,PAE
42176229,Beach FC Pre ECNL B15 - Caldwell,Beach Futbol Club,CAS,CAS
42159073,SF United B15 Lobos Pre ECNL RL,SF United FC,CAN,CAN
42158745,ALBION SC Merced B15 Pre-MLS NEXT,ALBION SC Merced,CAN,CAN
42157988,ALBION SC Santa Monica 2015 Boys EA,ALBION SC Santa Monica,CAS,CAS
42161044,2015 Boys Blue,Arizona Storm F.C.,AZ,AZ
42160856,2015 White 2,South Miami United FC,FL,FL
42158390,Sporting Athletic Club 2015B Black,Sporting Athletic Club,DE,DE
42160566,Silver Lake Soccer Academy 2015 Boys Orange,Silver Lake Soccer Academy,NYE,NYE
42158243,Orange County B15 FC,Legends FC (CA),CAS,CAS
42158574,2015 Boys Elite,"AC Delray, Inc.",FL,FL
42161031,2015B Green North,Baltimore Celtic Soccer Club,MD,MD
42158817,BUSC 2015B Black,Butte United Soccer Club,CAN,CAN
42161938,MIAMI UNITED FC 2015 ELITE,Miami Stars Soccer,FL,FL
42161005,JAM Doral - Cuadrado,,FL,FL
42160152,2015 Southern Homestead Elite,Southern Homestead Soccer Academy ,FL,FL
42158695,CCV Stars 15 Boys North Orange,CCV STARS,AZ,AZ
42159261,2015 Timbers Elite,Boise Timbers | Thorns,ID,ID
42158479,Lincoln FC 15B Blue,Lincoln FC,CAN,CAN
42158081,B2015 LB Diaz,Beach Futbol Club,CAS,CAS
42158349,TFA-SELA B2015 Navy,TOTAL FUTBOL ACADEMY (CA),CAS,CAS
42159475,B15 Red,Albertson Soccer Club,NYE,NYE
42158296,Whitpain 2015 Black Vipers,Whitpain Recreation Assoc,PAE,PAE
42161424,West Valley 2015 Boys Valencia Pre-Premier,RSL-AZ West Valley,AZ,AZ
42161354,2015 Boys White,Pinecrest Premier Soccer,FL,FL
42160203,Avanti SA Pre ECNL B15 Falcon,Avanti Soccer Academy,TXN,TXN
42158281,CASA 2015M Premier,Capital Area SA,PAE,PAE
42159474,B15 Blue,Albertson Soccer Club,NYE,NYE
42162181,Naples Eagles 2015/2016,Bonita Springs Wildcats,FL,FL
42158750,Parkland SC Pre ECNL B15,Parkland Soccer Club,FL,FL
42158831,AC Marin Boys 2015 White,AC Marin,CAN,CAN
42162144,B2015 CUBARSI,BARCA Academy Pro Miami,FL,FL
42158684,2015 Boys,South Tampa Gold,FL,FL
42159648,Tyler FC 15B,Tyler FC,TXN,TXN
42158848,Blau Weiss Gottschee '15 Blue,BW Gottschee Academy,NYE,NYE
42160478,2015 (U11) Grey,Miami Futbol Academy Rush ,FL,FL
42161451,CE 2015B Grasshoppers Black,Columbus Force SC,OH,OH
42158594,2015 Boys Premier,Radnor SC,PAE,PAE
42158206,B2015 Force,FC Golden State,CAS,CAS
42160443,Club Ohio West Pre MLS NEXT 15B,Club Ohio,OH,OH
42175510,South Valley United B15 Black,South Valley United Soccer Club,CAN,CAN
42158196,LFA Blue Star Premier 2015B,Lou Fusz Athletic,MO,MO
42158651,IdeaSport 2015 Pre-MLS 1,IdeaSport Soccer Academy,FL,FL
42159590,NYSC B2015 Blue,New York SC,NYE,NYE
42158882,15B Pre-ECNL RL,Clovis Crossfire ,CAN,CAN
42177108,Strikers FC - Irvine - 2015 Flight One,,CAS,CAS
42159145,Attack B2015,South Shore Futbol Club,NYE,NYE
42158828,PV United 15B,Pajaro Valley Youth Soccer Club,CAN,CAN
42161320,Takoma Dreamers Corintias 2015,Takoma Park Soccer Club,MD,MD
42162214,Supra United FC 2015 Black,Supra United FC,TXN,TXN
42176767,B15E R.Arredondo,Magnifico FC,NV,NV
42162068,Potomac Pre ECNL I 15B,Potomac Soccer Association,MD,MD
42159375,Elk Grove United SC 15B Premier JM,Elk Grove United SC,CAN,CAN
42158738,FPFC 15B TRP REGIONAL,Florida Premier FC,FL,FL
42159299,Legends SC 15B-A,Legends SC Sacramento,CAN,CAN
42158379,TFA-OC B2015,TOTAL FUTBOL ACADEMY (CA),CAS,CAS
42161941,Solar PRE-ECNL B15 Oglesby,Solar SC,TXN,TXN
42164043,Texas Select 2015,Texas Select FC,TXS,TXS
42159411,15B Black,Sacramento United,CAN,CAN
42158513,Chargers TPA B2015 Academy Yellow,Chargers SC TPA,FL,FL
42158654,Mustang SC Man City 15M,Mustang Soccer,CAN,CAN
42158936,Valley United 15B White,Scotts Valley San Lorenzo Valley Youth Soccer Club,CAN,CAN
42163687,B15 Academy I,ALBION SC Silicon Valley,CAN,CAN
42220054,WSA South Arsenal 2015B,West Side Alliance SC,OK,OK
42160485,ALL STARS 2015,Miami Stars Soccer,FL,FL
42159024,Diablo Valley FC 15B Delta,Diablo Valley Futbol Club,CAN,CAN
42158127,Storm B2015,Foothill Storm,CAS,CAS
42159948,15B DGerman,RSL-AZ North,AZ,AZ
42161218,VSA 15B Pre-ECNL I VDA West,Virginia Soccer Association,VA,VA
42159493,Bergen 2015 Boys NEAL White,Cedar Stars Academy North,NJ,NJ
42161338,15B Rayados Blue,RSL-AZ Southern AZ,AZ,AZ
42158104,15B EA,Sand and Surf SC,CAS,CAS
42159286,UC Premier 2015B Red,UC Premier,CAN,CAN
42158760,South Valley United B15 White,South Valley United Soccer Club,CAN,CAN
42159914,2015B Pre-MLS White,West Florida Flames,FL,FL
42161569,Baltimore Bays Bolts 2015 Boys,Baltimore Bays Soccer Club,MD,MD
42158505,SD Surf Academy Boys 2015 (Miller),,CAS,CAS
42162445,CLUB ALIANZA2015 COACHELLA VALLEY,,CAS,CAS
42158621,2015 Boys Blue,Earthquakes - East Valley,CAN,CAN
42161249,McLean Youth Soccer 2015 Boys Green,McLean YS,VA,VA
42158685,Elite Green 15,Granite Bay FC,CAN,CAN
42162175,Kickers FC PRE-NPL,Kickers FC,CAS,CAS
42159638,B2015 Wolverines,Port Washington Soccer Club,NYE,NYE
42164447,Inglewood sc B2015,Inglewood SC,CAS,CAS
42161419,RAYADOS LAS VEGAS SOCCER ACADEMY 2015 WHITE,Rayados Las Vegas Soccer Academy,NV,NV
42159452,2015B Pre-MLS 2,Bay Area Surf,CAN,CAN
42158323,California Rush B15 Nero - Huntington Beach,California Rush Soccer Club,CAS,CAS
42160154,Pflugerville Rayados 2015,Mortega SC,TXS,TXS
42161443,15B Jason Pre MLS Next,RSL-AZ Southern AZ,AZ,AZ
42158475,Wall Elite Lazio,Wall Soccer Club,NJ,NJ
42159101,BUSC 2015 Premier,Ballistic United,CAN,CAN
42160763,SGA 15/16B Premier,SGA,TXS,TXS
42158964,SASA Spirits 2015B 1984,SASA Spirits SC,IL,IL
42171416,CDO 15B Premier,Canyon Del Oro Soccer Club,AZ,AZ
42162010,CCV Stars 15 Boys South Pre-ECNL,CCV STARS,AZ,AZ
42158049,ALBION SC San Diego B15 Academy,ALBION SC San Diego,CAS,CAS
42163321,SLSG IL B 2015 Academy Red,St. Louis Scott Gallagher,IL,IL
42163121,GOTFC 2015 Elite,Miami Athletic Club,FL,FL
42159058,Walnut Creek Surf 15B White,Walnut Creek Surf Soccer Club,CAN,CAN
42161917,EJE7 2015,EJE7 ,FL,FL
42164317,Cobras El Paso 2015,El Paso Premier League,TXS,TXS
42160993,Weston FC 2015 Boys White,Weston FC,FL,FL
42158350,TFA-SELA B2015 White,TOTAL FUTBOL ACADEMY (CA),CAS,CAS
42159360,Cal Magic 2015B East,California Magic Soccer Club,CAN,CAN
42159157,Napoli Gold,Huntington Inter FC ,NYE,NYE
42160337,Alex 2015 Boys White,Alexandria SA,VA,VA
42161182,Mellindo FC 2015 A,,UT,UT
42160217,Dynamos SC 15B Gold,Dynamos SC,AZ,AZ
42158739,15B FPFC PRE-ECNL II,Florida Premier FC,FL,FL
42159051,Lightning 15 Teal,San Juan Soccer Club,CAN,CAN
42159715,Lancaster FC 2015 Boys Academy,Lancaster FC,PAE,PAE
42159412,15B White,Sacramento United,CAN,CAN
42161542,SWFL Soccer Academy 2015-2016,SWFL Soccer Academy,FL,FL
42158111,Little Knights,North Bay Premier Club,CAN,CAN
42160188,Players 15 Boys Academy,Players SC,NV,NV
42164595,VV FC 15B Kit,,TXN,TXN
42158317,White Conshy '15 (B),FC DELCO,PAE,PAE
42158822,Davis Legacy 15B White,Davis Legacy Soccer Club,CAN,CAN
42160487,Indiana Elite FC Pre - ECNL B15,Indiana Elite F.C.,IN,IN
42159025,Diablo Valley FC 15B Delta 2,Diablo Valley Futbol Club,CAN,CAN
42159860,WP Academy National 2015,White Plains YS,NYE,NYE
42159771,EM B15 EDP,East Meadow Soccer Club,NYE,NYE
42160030,Mineola 2015 Red,Mineola (LIJSL),NYE,NYE
42176873,SC Pro Soccer Academy 2015B Team 1,SC Pro Soccer,CAN,CAN
42168602,Weston FC 2015 Future Elite III,Weston FC,FL,FL
42158958,Palo Alto SC 15B Pre-MLS NEXT,Palo Alto SC,CAN,CAN
42161345,Tuzos USA 2015A,FBSL,AZ,AZ
42163956,2015 BOYS ECNL DEV 1,Sporting Jax Soccer Academy,FL,FL
42160724,Florida Fire West Pines United 2015 Black,West Pines United FC,FL,FL
42160339,Alex 2015 Boys Red,Alexandria SA,VA,VA
42161983,AZSC 2015B White,Arizona Soccer Club,AZ,AZ
42160294,Solar Pre ECNL B15 Rodriguez Red,Solar SC,TXN,TXN
42158610,24 APSC 2015B Arsenal,Arden Park Soccer Club,CAN,CAN
42158699,San Ramon FC 15B Pre ECNL-RL,San Ramon FC,CAN,CAN
42158866,Rocklin FC 15B White,Rocklin FC,CAN,CAN
42162516,WYO 307 2015 Boys,Wyoming Soccer Association,WY,WY
42163550,RENO MINEROS,Northern Nevada Soccer Club ,NV,NV
42158979,Burlingame SC 2015B Black,Burlingame Soccer Club,CAN,CAN
42158507,SD Surf Academy Boys 2015 (Penate),San Diego Surf Soccer Club,CAS,CAS
42161051,Pittsburgh Riverhounds Academy North Huntingdon 2015 Boys,Pittsburgh Riverhounds,PAW,PAW
42158599,2015 Boys Red,Clippers FC,CAN,CAN
42161229,Deportivo Cali Pembroke 2015 Mafla,Miami Stars Soccer,FL,FL
42161609,East Valley NSFC 15 Boys Tiggs,East Valley/NSFC,AZ,AZ
42160894,KBSC Elite 2015,Key Biscayne SC,FL,FL
42161707,Deportivo Coras USA 2015,FBSL,AZ,AZ
42158388,PHENOM B2015II,Phenom Soccer Academy,CAS,CAS
42159252,Greenhaven SC 15B,Greenhaven Soccer Club,CAN,CAN
42160738,West Valley 2015 Boys Rose,RSL-AZ West Valley,AZ,AZ
42158833,Sporting Columbia 15B Navy,Sporting Columbia SC,MO,MO
42159702,Blast 2015,Auburndale SC ,NYE,NYE
42161908,ONE FC B2015 BLUE,NEUESPORTS,FL,FL
42176269,Pre MLS NEXT Black '15,FC DELCO,PAE,PAE
42162195,B15 EA,Inland Surf,CAS,CAS
42164941,Florida Royal FC 2015 Division 1 Elite,Florida Royal FC,FL,FL
42158749,Parkland SC Elite B15,Parkland Soccer Club,FL,FL
42158733,FPFC 15B WC REGIONAL,Florida Premier FC,FL,FL
42161097,Fuego FC 2015,Fuego FC,TXN,TXN
42161667,Future_Sa_15_Blue,Future Soccer Academy,NJ,NJ
42158119,CFA OC SC B15 Pre NPL Goicochea,California Football Academy,CAS,CAS
42159549,Towson United 2015B Maroon,Towson United,MD,MD
42159176,HYSL Premier Elite 15B Blue,Hayward Youth Soccer League,CAN,CAN
42158095,Sporting CA USA Pre-ECNL B15 I,Sporting California USA,CAS,CAS
42175837,APSC 2015B Arsenal,Arden Park Soccer Club,CAN,CAN
42159993,B2015 (Ultra),Atlantic United SB/LGN SC,NYE,NYE
42158805,Madera United FC 15B Zapata,Madera United Futbol Club,CAN,CAN
42158535,VE 2015 White,Vereinigung Erzgebirge SC ,PAE,PAE
42163339,NMSA 2015 Boys,New Mexico Soccer Academy,NM,NM
42160579,Nona Soccer 2015 Boys Black,Nona Soccer Academy,FL,FL
42163032,SG1 STXCL EC B15,SG1 Soccer,TXS,TXS
42158498,2015B Pre-ECNL,West-Mont United S.A,PAE,PAE
42159142,ABSC Lightning Thunder 2015B,Albany Berkeley Soccer Club,CAN,CAN
42163184,15B Pre-Elite I,Colorado Rapids Youth Soccer Club,CO,CO
42159983,Real POB,Plainview Old Bethpage (LIJSL),NYE,NYE
42161830,Madison FC 15 Gold Boys,Madison FC,AZ,AZ
42158707,KH PreElite Swan City B15-1,Kings Hammer Swan City Soccer Club,FL,FL
42172004,S5A KENDALL U11 BLACK,Soccer 5 Academy ,FL,FL
42159275,COSC Pre-ECNL B15 I,California Odyssey Soccer Club,CAN,CAN
42160370,15 Pre-MLS Next #2,FC Tucson Youth Soccer,AZ,AZ
42158158,Placer United 15B Gold,Placer United Soccer Club,CAN,CAN
42159334,Blackhawks 15,Capital Valley Futbol Club,CAN,CAN
42159421,15/16,Los Banos Valley Soccer Club,CAN,CAN
42164129,Utah Athletic Academy B15,Utah Athletic Academy,UT,UT
42160789,IdeaSport 2015 Pre MLS 2,IdeaSport Soccer Academy,FL,FL
42163109,Footwork Lab Squad 2015B,Molano Futbol Academy,TXN,TXN
42159316,ICFC Cottleville 2015B Blue,Impact City FC - St Louis,MO,MO
42158293,B2015 EA2,FC Golden State,CAN,CAN
42158519,Southampton Vikings,Southampton SA,PAE,PAE
42160525,FUTBOLTECH CHSC - 2015 EVERTON,Futboltech,NJ,NJ
42161056,NEFC Metro West Boys 2015 MLS Futures Red,NEFC,MA,MA
42159814,380 United FC 2015B K Parks,380 United FC,TXN,TXN
42159555,Napa United Pre-Academy 15B Pre-MLS Next,Napa United,CAN,CAN
42158774,SANTA CRUZ SHARKS 15 BLUE,Santa Cruz City Soccer Club,CAN,CAN
42160480,SFK SELECT U10 Jonathan,,FL,FL
42160333,ROA Soccer Academy 2015 Grey,ROA Soccer Academy,NV,NV
42159300,Legends SC 15B-B,Legends SC Sacramento,CAN,CAN
42158731,FPFC 16B PRE ECNL I,Florida Premier FC,FL,FL
42161855,Outkast FC Brownwood 15B,OutKast FC Brownwood,TXN,TXN
42161278,2015 Boys Red,Ancient City SC,FL,FL
42158339,MSVG 2015 Boys,Miami Springs Soccer,FL,FL
42158960,Dortmund,Atletico Santa Rosa,CAN,CAN
42158658,Mustang SC 15B Elite II,Mustang Soccer,CAN,CAN
42163209,U11,Diamonds Soccer Academy,FL,FL
42160949,Doral West 2015 B,Doral West Soccer Academy,FL,FL
42158396,B2015 EA,City SC - San Marcos,CAS,CAS
42159048,Breakers 15B Purple,Ross Valley Breakers FC,CAN,CAN
42161446,North Carolina FC 2015 South Red,NCFC Youth,NC,NC
42158044,ALBION SC San Diego B15 Academy I,ALBION SC San Diego,CAS,CAS
42177449,LAFC So Cal Pre ECNL 2 B2015,LAFC So Cal,CAS,CAS
42159450,2015 - NEAL RED,Ironbound SC,NJ,NJ
42162680,Water Futbol Farm,Hanford Youth Soccer League,CAN,CAN
42158085,B2015 SB Dodds (x),Beach Futbol Club,CAS,CAS
42158948,Steamer's Crew U11 2015B Blue,Steamer's Crew Soccer Club,MO,MO
42160462,2015B WHITE,Miami Breakers FC,FL,FL
42158381,B15 FC,Legends FC - San Diego,CAS,CAS
42175272,Gt18 B15,956 United,TXS,TXS
42163322,SLSG MO B 2015 Academy,St. Louis Scott Gallagher,MO,MO
42158752,Cottleville United 2015B White,Cottleville United,MO,MO
42158528,Pre-Academy 15B,Keystone FC,PAE,PAE
42168113,PA Classics Academy Lancaster 15M,PA Classics,PAE,PAE
42176270,Pre MLS NEXT White '15,FC DELCO,PAE,PAE
42158328,FCE 2015 Boys Pre ECNL,FC Europa,PAE,PAE
42159082,UST FC Real Madrid B2015,UST FC Academy,NYE,NYE
42160398,Las Vegas Sports Academy U11 Boys Black 2015,Las Vegas Sports Academy,NV,NV
42160668,15 Boys Soul Warriors,FC Tucson Youth Soccer,AZ,AZ
42162233,DFW Tejanos 2015 Boys,Mid Cities Tejanos,TXN,TXN
42161444,Herndon 2015B VISA,Herndon Youth Soccer,VA,VA
42161731,FC Charles '15 Boys - Red,FC Charles 1658,MD,MD
42158307,Nido Aguila SD Cabrales B2015,Nido Aguila San Diego,CAS,CAS
42169970,Old Line FC Boys 15 Black,Old Line Football Club,MD,MD
42158219,B2015 Academy,Empire Surf,CAS,CAS
42160481,SFK ELITE U10 Randy,,FL,FL
42158533,Mustang SC 15B Elite I,Mustang Soccer,CAN,CAN
42158333,Irvine 2015 Ba*,Strikers FC,CAS,CAS
42158967,Sheriffs FC 2015B Pre-ECNL,Sheriffs FC,CAN,CAN
42158598,MAKO 2015 BOYS GREEN SEFPL,Mako Soccer Club,FL,FL
42161041,2015 Boys Pre-MLS Next,RNY FC Youth,NYW,NYW
42161415,PRFC Desert Foothills 15B Predator,Phoenix Rising Desert Foothills,AZ,AZ
42158563,2015 Rush Boys,PA Rush,PAE,PAE
42159057,Walnut Creek Surf 15B Blue,Walnut Creek Surf Soccer Club,CAN,CAN
42160776,New York Red Bulls Pre-Academy 2015 South,Red Bulls (NJ),NJ,NJ
42159127,Ajax United 15B White Pre-MLS II,Ajax United,CAN,CAN
42161196,15B NJMarkette,RSL-AZ South,AZ,AZ
42158681,XF 2015 RCL 2,Crossfire Premier,WA,WA
42162577,FC Dallas 15B South Academy,FC Dallas Youth,TXN,TXN
42158540,Chargers LWR B2015 Pre-EA ARCHIVED PER JUAN,Chargers SC LWR,FL,FL
42159965,Synergy FC 15/16B Montone,Synergy FC AZ,AZ,AZ
42161015,Deportivo Cali Pembroke 2015 Willington,Miami Stars Soccer,FL,FL
42159054,Jupiter United 2015 Boys Elite,Jupiter United Soccer,FL,FL
42160580,Dynamos SC 15B SC,Dynamos SC,AZ,AZ
42159359,Mt. Diablo Mustang 2015B White,Mt Diablo Mustang Soccer,CAN,CAN
42158082,B2015 SB Caldwell,Beach Futbol Club,CAS,CAS
42158067,WHITE B15,San Clemente Surf Soccer,CAS,CAS
42169635,SC LIONS 2015B RED,Santa Clara Youth Soccer League,CAN,CAN
42159798,SLSG MO B 2015 Elite Blue,St. Louis Scott Gallagher,MO,MO
42159730,15B Black DW,Utah Avalanche,UT,UT
42158907,Castro Valley SC CVSC United 2015 Boys Green,Castro Valley Soccer Club,CAN,CAN
42159000,St. Louis Stars SC 15 Boys Academy Red,St. Louis Stars SC,MO,MO
42162669,PRFC West Valley 15B Predator,Phoenix Rising FC,AZ,AZ
42159033,Livingston Fuego FC 15B,Livingston Fuego,CAN,CAN
42162198,La Piedad FC 2015,FBSL,AZ,AZ
42158872,Fusion SC Pre ECNL RL B15,Livermore Fusion SC,CAN,CAN
42158932,SASA Spirits 2015B Blue,SASA Spirits SC,IL,IL
42158112,Sting Black '15,Upper Dublin SC,PAE,PAE
42158014,Carlsbad B15 Pre MLS Next II - Menezes,City SC,CAS,CAS
42158864,City SC Kings County B2015,City SC Kings County,CAN,CAN
42162486,Soccer United 2015,Soccer United,NJ,NJ
42159877,Las Vegas Sports Academy U10 Boys Grey 2015,Las Vegas Sports Academy,NV,NV
42161890,KBSC Premier 2015,Key Biscayne SC,FL,FL
42160243,Pima Surf Academy Boys 15,Pima County Surf Soccer Club,AZ,AZ
42158298,B2015 GOLD,LAFC So Cal,CAS,CAS
42158207,Breakers B2015 Black Pre-NL,Oceanside,CAS,CAS
42162681,VISTA HL92 Soccer Academy 2015B Yellow,Virginia Independent Soccer Team Association,VA,VA
42158087,B2015 Gold,Golden Eagles FC,CAS,CAS
42159215,SF Seals 15B Black,San Francisco Seals,CAN,CAN
42162501,B2015 PRE-ECNL,LAFC So Cal,CAS,CAS
42160497,Lex Sporting Club 15B Green,Lexington Sporting,KY,KY
42158391,Sporting Athletic Club 2015B Red I,Sporting Athletic Club,DE,DE
42158159,Placer United 15B Black,Placer United Soccer Club,CAN,CAN
42161564,North Carolina FC 2015 North Red,NCFC Youth,NC,NC
42158336,NB B2015 Blue,Pateadores Soccer Club,CAS,CAS
42158605,North Marin United 15 Boys Intrepid,North Marin United,CAN,CAN
42158048,ALBION SC San Diego B15 Academy II,ALBION SC San Diego,CAS,CAS
42158947,Alliance 2015B Navy,Eastshore Alliance FC,CAN,CAN
42160137,ALBION SC Las Vegas B15 Academy III,ALBION SC Las Vegas,NV,NV
42158919,2015B Platinum 1,Elk Grove Soccer,CAN,CAN
42171763,TUSC 2015 Boys U11 Black,Trumbull United SC,CT,CT
42159079,Kaos 2015B Blue Rivera,Atwater Kaos Futbol Club,CAN,CAN
42160848,2015 White,South Miami United FC,FL,FL
42174809,EMSC Super Y Vipers,East Meadow Soccer Club,NYE,NYE
42160696,U11 Black 2015,International Soccer Club,FL,FL
42160719,Florida Fire West Pines United 2015 Gold,West Pines United FC,FL,FL
42158197,LFA Blue Star Major 2015B,Lou Fusz Athletic,MO,MO
42158268,B2015 Navy,West Coast F.C. ,CAS,CAS
42158870,STLDA 2015B Elite Red,St. Louis Development Academy,MO,MO
42162338,West Valley 15/16B,Pima County Surf Soccer Club,AZ,AZ
42176611,15B Pre Ecnl Volt,RISE Soccer Club,TXS,TXS
42160098,Hauppauge Warriors BU11,Hauppauge (LIJSL),NYE,NYE
42159254,WESCO 15B Blue - Wildcats,WESCO United,CAN,CAN
42159161,Central Coast FC 15Black,Real Atletico Futbol Club,CAN,CAN
42158875,FLS 15B Premier I,Folsom Lake Surf,CAN,CAN
42159345,WSC 15B Orange,Woodland Soccer Club,CAN,CAN
42172690,Forza Azzurri 2015’s,Tournament Team,PAE,PAE
42158578,PA Classics Hbg 2015 Boys U11 Academy,PA Classics Harrisburg (LDSA),PAE,PAE
42158756,15 Boys Inferno Copa,Idaho Inferno Soccer Club,ID,ID
42159034,Lobitos S.C. - Jaguares-15B,Lobitos Soccer Club,CAN,CAN
42159591,NYSC B2015 White,New York SC,NYE,NYE
42159340,South San Jose 15B Blue,South San Jose Soccer League,CAN,CAN
42159066,SVU Boys 15 Green,Sonoma Valley United,CAN,CAN
42159556,Napa United Pre-Academy 15B Elite l,Napa United,CAN,CAN
42175674,FC Golden State B2015 Elite,FC Golden State ,CAS,CAS
42159102,BUSC 2015 Elite 1,Ballistic United,CAN,CAN
42162421,CSSA 2015B Blue,Coral Springs Soccer Academy & Futsal,FL,FL
42162480,Springs SC Pre-ECNL B15,Springs Soccer Club,FL,FL
42160882,TSJFC 2015B North Pre-Academy,The St. James Football Club,VA,VA
42159491,2015 Blue,FC Westchester,NYE,NYE
42158536,CLW Chargers B2015 Pre-MLS (U10) Yellow,Chargers Soccer Club,FL,FL
42161955,Homestead Elite U10B,Miami Athletic Club,FL,FL
42159363,Valley United 15 Boys Orange-RR,Valley United Soccer Club Association,CAN,CAN
42161926,Eastside FC B16 Red,Eastside FC (WA),WA,WA
42163259,Molano Fútbol Academy South 2015B,Molano Futbol Academy,TXN,TXN
42161786,Tuzos Nogales 2015,FBSL,AZ,AZ
42163414,Vamos DUKES,,NM,NM
42159447,15B White,San Jose Rush,CAN,CAN
42159027,Elite B15,Central Valley Premier FC,CAN,CAN
42162287,Avanti SA Pre ECNL B15 Joundi,Avanti Soccer Academy,TXN,TXN
42159632,BVB 15B PreECNL Elite (Klassen),BVB International Academy Texas,TXN,TXN
42163697,2015 - Boys Blue,Galt Futbol Club,CAN,CAN
42161991,Loudoun 2015B Pre-MLS Next Red,Loudoun Soccer Club,VA,VA
42159155,FSC15B Spartans,Fruitridge Soccer Club,CAN,CAN
42158554,Yardley Makefield Soccer 2015 Boys Bayern,Yardley Makefield Soccer,PAE,PAE
42158666,TBU 2015B North Red WFPL,Tampa Bay United,FL,FL
42158942,B2015 Pre MLS Next I,DUSC,NYE,NYE
42162164,B2015 TER STEGEN,BARCA Academy Pro Miami,FL,FL
42164728,MAFC 2015 Red,Matias Almeyda Futbol Club,TXS,TXS
42163601,INACTIVE Coppell FC 15B Hernandez Red,Coppell FC,TXN,TXN
42160406,EMSSC 2015 Panthers,East Moline Silvis Soccer Club,IL,IL
42160591,LV Heat Surf B15 Pre NP Summerlin,LV Heat Surf SC ,NV,NV
42158565,NW United B15 Blk,Northwest United FC,WA,WA
42164506,Deportivo 59 FC 2015B Premier,Deportivo 59 FC,IL,IL
42158000,City SC Central Valley AV-B2015,City SC Central Valley,CAN,CAN
42158254,B2015 MG Pre-NPL,Slammers FC,CAS,CAS
42158971,IR Academy 15B White,IR Academy,CAN,CAN
42158489,2015 Boys White,Clippers FC,CAN,CAN
42158989,Burlingame SC 2015B Navy,Burlingame Soccer Club,CAN,CAN
42160723,15 Boys National League #1,FC Tucson Youth Soccer,AZ,AZ
42160537,CE 2015B Grasshoppers (Red),Columbus Force SC,OH,OH
42160570,PBG 15 BOYS PRE-ECNL SWOOSH,Palm Beach Kicks,FL,FL
42160821,Force 15B Elite,De Anza Force,CAN,CAN
42158080,B2015 ES A. Lopez,Beach Futbol Club,CAS,CAS
42158147,Vipers 2015,Springfield FC,PAE,PAE
42158860,Revolution 15B Blue,Revolution FC,CAN,CAN
42158603,High Desert B15 EA2,SoCal Elite FC,CAS,CAS
42176698,SGA 2015B Premier,SGA,TXS,TXS
42161010,JAM Doral - Rugani,,FL,FL
42158859,COSC Pre-ECNL RL B15,California Odyssey Soccer Club,CAN,CAN
42159623,New York Red Bulls Pre-Academy 2015 North,Red Bulls (NJ),NJ,NJ
42170457,15B NMarkette Pre-MLS Next,RSL-AZ South,AZ,AZ
42161936,Forza Rossoblú 2015’s,Tournament Team,PAE,PAE
42159332,Eagles Black 15B,San Bruno Lowen 83,CAN,CAN
42158891,Castro Valley SC CVSC United 2015 Boys Yellow,Castro Valley Soccer Club,CAN,CAN
42158853,Cottleville United 2015B Red,Cottleville United,MO,MO
42158632,Marin FC B15Red,Marin FC,CAN,CAN
42164294,La Masia U10,La Masia Athletic Club,CAN,CAN
42160058,GC United,Garden City (LIJSL),NYE,NYE
42161918,FC LEGENDS UTD 15B Black,FC LEGENDS UTD,TXN,TXN
42169352,2015 Maryland United FC PRE- ECNL,Maryland United Football Club,MD,MD
42159342,15B Blue,Sacramento Alliance SC,CAN,CAN
42158697,15B Blue,Azzurri FC,CAN,CAN
42159660,Bury City FC 2015 Boys,Bury City FC,MD,MD
42159773,EM B15 preECNL-RL,East Meadow Soccer Club,NYE,NYE
42175708,RU RED PRE ECNL 1 B15,Richmond United,VA,VA
42158742,Mutiny SC 2015B Red,North Manatee Soccer,FL,FL
42165049,NY Red Bulls RDS Showcase B2015 Red,,NJ,NJ
42159022,Force 15B Elite II,De Anza Force,CAN,CAN
42160741,VSC 2015 Boys Green,Vail SC,AZ,AZ
42158955,TPA Chargers B2015 Pre-MLS (U10) Red,Chargers Soccer Club,FL,FL
42158903,MVLA 15B Liverpool Green,Mountain View Los Altos Soccer Club,CAN,CAN
42159092,CCSA 2015B Premier,Central California Soccer Alliance,CAN,CAN
42159064,San Juan South SC 2015-16 Boys Elite,San Juan South Soccer Club,CAN,CAN
42160625,Real GP 15B Mancinas,Real GP,TXN,TXN
42176832,2015B Pre-MLS II,Bay Area Surf,CAN,CAN
42171547,Catalyst 15 S,HTX,TXS,TXS
42160218,2015 Boys ULTRA,W&H America,FL,FL
42162178,AZ Thundercats 2015,FBSL,AZ,AZ
42162216,Tuzos Edwin 2015,FBSL,AZ,AZ
42157987,ALBION SC Santa Monica B15 Academy,ALBION SC Santa Monica,CAS,CAS
42171490,Torpedoes BU11 Red 1,Torpedoes SC,NJ,NJ
42162135,B15 EA,SoCal Elite FC,CAS,CAS
42158825,Real Inmortales,Real Sacramento Futbol Club,CAN,CAN
42162030,La Roca 15B R Rada,La Roca FC,UT,UT
42158237,North Coast FC 15B Red,North Coast Futbol Club,CAN,CAN
42160304,SLSG MO B 2015 Premier White,St. Louis Scott Gallagher,MO,MO
42158460,IR Academy 15B Purple,IR Academy,CAN,CAN
42161498,La U-USA 2015,El Paso Premier League,TXS,TXS
42163711,San Jose Rush 15B Academy,San Jose Rush,CAN,CAN
42158072,2015 Boys Blue,Philadelphia International FC,PAE,PAE
42158392,Rebels SC IE- B15 EA,Rebels Soccer Club,CAS,CAS
42159270,ECFC 15B White,Monterey County Soccer-ECFC Salinas,CAN,CAN
42158735,FPFC 15B TRY REGIONAL,Florida Premier FC,FL,FL
42174821,Real Inland Empire,,CAS,CAS
42159289,2015B Black,OV Toros FC,CAN,CAN
42158974,Commack Cobras B15,Commack Soccer,NYE,NYE
42158604,STLDA 2015B Elite Silver,St. Louis Development Academy,MO,MO
42163195,MIAMI UNITED FC 2015 PREMIER II,Miami Stars Soccer,FL,FL
42159954,Naples Elite SC 2015 Blue FCL,Naples Elite Soccer Club,FL,FL
42158732,FPFC 15B HERNANDO REGIONAL,Florida Premier FC,FL,FL
42159642,Morton United FC 2015 Boys RED,Morton United FC,IL,IL
42169338,Fallston Phantoms 2015,Fallston Soccer,MD,MD
42161373,2015 B Timberwolves FC,,ID,ID
42175004,ALBION SC Antelope Valley B15 EA,ALBION SC Antelope Valley,CAS,CAS
42160131,2015 Elite Colo Colo,Colo Colo Soccer Academy USA,FL,FL
42159494,Bergen 2015 Boys NEAL Green,Cedar Stars Academy North,NJ,NJ
42158800,2015B Atletico Canarios,Atletico United FC,CAN,CAN
42159236,LODI FC 15B,Lodi FC,CAN,CAN
42176443,OK Energy FC 15B Pre-ECNL,Oklahoma Energy FC,OK,OK
42159068,Alevin 2015,Pro Touch Soccer NY Academy,NYE,NYE
42159944,Players 15 Boys Juniors Academy 2,Players SC,NV,NV
42161290,Loudoun 2015B Pre-MLS Next Black,Loudoun Soccer Club,VA,VA
42159178,United Silicon Valley 15B Red,AYSO United Silicon Valley,CAN,CAN
42158902,MVLA 15B Liverpool White,Mountain View Los Altos Soccer Club,CAN,CAN
42159458,Idaho Juniors 15B Black,Idaho Juniors FC,ID,ID
42164708,Pre ECNL B15 Maroon,CDA Slammers,CAS,CAS
42158008,Philadelphia SC Surf 15 Black,Philadelphia SC,PAE,PAE
42158999,RSC '15 Boys Gold,River Soccer Club,DE,DE
42158069,STLDA 2015B Elite White,St. Louis Development Academy,MO,MO
42159669,B2015 Green,Asphalt Green,NYE,NYE
42164450,B2015 Pre-NPL Black,Claremont Stars Soccer Club,CAS,CAS
42159230,Valley Surf 15B Pre-ECNL I,Valley Surf | America,CAN,CAN
42163810,2015 Academy,Real Colorado,CO,CO
42164046,B15 Pre ECNL,Legends FC (CA),CAS,CAS
42164831,A1 Academy 2015,A1 Academy ,FL,FL
42186325,Solar 15B Molano PreECNL,Solar SC,TXN,TXN
42161929,Metro Alliance FC 2015B Premier,Metro Alliance FC ,IL,IL
42161773,SCU 2015 Boys Pre-ECNL,Space Coast United,FL,FL
42159851,NY Eagles SC Stars,New York Eagles Soccer Club,NYE,NYE
42166232,NYCFC Boys Select 2015,New York City FC Boys Select,NYE,NYE
42158855,Alliance FC 15B,Alliance FC,TXN,TXN
42163250,2015 Thunder FC Premier,Idaho Thunder FC,ID,ID
42161376,Carmel FC 2015B Gold,Carmel FC,IN,IN
42158231,Revolution 15B Grey,Revolution FC,CAN,CAN
42161200,PA Classics Academy Reading 15M,PA Classics,PAE,PAE
42158777,Premier 2015 Boys,LMFC,NYE,NYE
42159941,Atletico Dallas Youth Pre ECNL B15 Luna,Atletico Dallas Youth,TXN,TXN
42161529,Sting Attack B15 Garcia -ARCHIVE,Sting Soccer Club,TXN,TXN
42161869,2015 PICHI ALONSO,RCD Espanyol de Barcelona NJ,NJ,NJ
42164403,Juventus 2015B,Juventus FC,CAS,CAS
42174078,Dnamo FC 2015 City,Dnamo FC,CAN,CAN
42163210,Surf Select Desert Region B2015,Utah Surf,UT,UT
42160144,Las Vegas Sports Academy U10 Boys Silver 2015,Las Vegas Sports Academy,NV,NV
42160247,ANBBK Boynton Beach Knights BBK-2015-B-Red,Boynton Beach Knights,FL,FL
42175499,Summer Select - 2015 Boys Red,Futboltech,NJ,NJ
42160225,2015 Boys Navy,SABR - Team Boca,FL,FL
42160289,Pumas Tucson 15B,Renegades Soccer Club,AZ,AZ
42160174,15B FPFC TRP ELITE,Florida Premier FC,FL,FL
42160392,FBS-FC 2015 Teal,Futbol Beach Soccer Futsal Club,FL,FL
42168877,Beachside South NEAL U11 (2015),Beachside Soccer Club CT,CT,CT
42162210,FDI 2015,South Bank SC,AZ,AZ
42159534,Idaho Rush 15 Blue,Idaho Rush Soccer Club,ID,ID
42163107,FC PREMIER EAGLES,PSSLU,CAS,CAS
42159126,Ajax United 15B Black,Ajax United,CAN,CAN
42164401,Tournament Time - GA 2015 Boys,Tournament Time,NYE,NYE
42169935,2015B pre-MLS Red,Bayside FC,RI,RI
42158612,Peninsula SC Fire Blue 15B,Peninsula Youth Soccer,CAN,CAN
42160707,MFA GR 15B Elite,Michigan Futbol Academy,MI,MI
42158058,B15 ACADEMY EA2 - SP,SoCal Reds FC,CAS,CAS
42161474,Premier Touch FC LB B15,,CAS,CAS
42162325,15/16B Valenzuela Nogales,RSL-AZ Southern AZ,AZ,AZ
42158362,B15 Acuna,FASC,CAS,CAS
42159164,Santa Rosa United 15B Gold,Santa Rosa United Soccer,CAN,CAN
42159071,U11 Union FC 15B JDP,Union Sacramento FC,CAN,CAN
42160267,Chicago Inter Soccer 2015B Red South,Chicago Inter,IL,IL
42158403,2015 Smithfield Lightning,Smithfield Soccer Club,VA,VA
42160769,JGSA 15 Boys Black,John Gaspar Soccer Academy,IL,IL
42158706,2015B East Lake Navy,West Florida Flames,FL,FL
42159295,Ravenswood SC B15/16 Jaguars,Ravenswood Juniors Soccer Club,CAN,CAN
42158274,TFA-NE B2015 White,TOTAL FUTBOL ACADEMY (CA),CAS,CAS
42162148,TOROS F.C. Elite,,CAS,CAS
42159378,Elk Grove United SC 15B Premier WA,Elk Grove United SC,CAN,CAN
42175932,FPFC 15B CP REGIONAL GOLD,Florida Premier FC,FL,FL
42159347,Stockton TLJ FC 15 white,Stockton TLJ FC,CAN,CAN
42159133,Glen-Ed SC 15B United I,Glen-Ed SC,IL,IL
42159872,MAFC 2015 Red,MAFC,TXS,TXS
42160799,U-11 (2015) Boys Pre Academy Blue,SC del Sol,AZ,AZ
42177068,Merak Academy U11 Gold,Merak Academy,FL,FL
42161217,VSA 15B Pre-ECNL II,Virginia Soccer Association,VA,VA
42161746,PSG ACADEMY FL2 U10 RONALDINHO,PSG Academy FL,FL,FL
42160372,ESJFC 15B White,East San Jose FC,CAN,CAN
42162051,Strikers Miami FC 2015 Black,Strikers Miami FC ,FL,FL
42161125,PFCU 2015 Dortmund Boys,Central Illinois United,IL,IL
42176058,Select 15B Red,AZFC ,AZ,AZ
42162835,Labelle Heat U11 15/16,Boynton United FC,FL,FL
42161697,BVB 15B Yellow South (Rivas),BVB International Academy Texas,TXN,TXN
42158772,Atchison Village Lightning Force 2015B,Albany Berkeley Soccer Club,CAN,CAN
42158719,JFC 2015B Elite Blue,Jacksonville FC,FL,FL
42159277,SF Glens Academy 15B Pre-MLS II Celtic,San Francisco Glens Soccer Club,CAN,CAN
42158138,B2015 Academy North,Empire Surf,CAS,CAS
42159858,CDO 15B Elite,Canyon Del Oro Soccer Club,AZ,AZ
42158916,ABSC Lightning Bolts 2015B,Albany Berkeley Soccer Club,CAN,CAN
42164704,Socal Blaze SC B15 Santa Fe Springs,Socal Blaze SC,CAS,CAS
42161787,2015 Boys Academy I,Juventus Academy DC Metro,MD,MD
42159383,2015B Blue,Santa Cruz United Football Club,CAN,CAN
42158793,Dublin United 15B Green,Dublin United,CAN,CAN
42176031,2015Gold,Downtown Las Vegas SC,NV,NV
42169039,STLDA 2015B Elite Navy,St. Louis Development Academy,MO,MO
42159736,Solar West 15B Padilla,Solar SC,TXN,TXN
42161468,SC Pro Soccer Academy 2015B Team 2,SC Pro Soccer,CAN,CAN
42185650,LOS AMIGOS FC,,CAS,CAS
42163226,SDA 2015 Boys Pre-MLS White,Syracuse Development Academy (SDA),NYW,NYW
42160794,LASC 2015 Boys Elite,Lindenhurst Area Soccer Club,IL,IL
42162720,Inter-America Dragons F.C.,Inter-America Soccer Club,CAS,CAS
42162951,2015 Boys Blue I,Houston Surf Soccer Club,TXS,TXS
42160539,Ignite 2015 Boys Blue,Ignite Soccer Club(SD),SD,SD
42158366,B2015 Gold,Valley United SC,CAS,CAS
42162094,Catalyst 15 W,HTX,TXS,TXS
42161124,PFCU 2015 Schalke Boys,Central Illinois United,IL,IL
42158546,15B Red,Philadelphia Ukrainian Nationals,PAE,PAE
42160896,AZ Arsenal Pre-ECNL RL B15,Arizona Arsenal Soccer Club,AZ,AZ
42159234,West Coast Wildfires '15,West Coast Soccer,CAN,CAN
42159881,Wolves 2015B,Tri-State Soccer Academy,MD,MD
42160019,HAMMERHEAD SHARKS,Greater Long Beach (LIJSL),NYE,NYE
42158262,FC Scorpions B2015 Black,FC Scorpions (CA),CAS,CAS
42158123,1974 NFC 2015B Orange,1974 Newark FC,CAN,CAN
42161271,Richmond Latino United 2015,Richmond Latino United,VA,VA
42159420,Quakes Lightning Black 2015B,Albany Berkeley Soccer Club,CAN,CAN
42176608,CUP 15B Gold,Cincinnati United,OH,OH
42161344,2015 Boys Elite Red,Western United Pioneers FC,MA,MA
42162602,AHFC 15B Elite,Albion Hurricanes FC,TXS,TXS
42160545,JHYS United Boys 2015 Black,Jackson Hole Youth Soccer,WY,WY
42158515,Firebirds 2015B,South Parkland Youth,PAE,PAE
42161233,Sol SC Florida 2015B FAL,Sol SC Florida ,FL,FL
42160362,Rapids,Bayshore Soccer Club,MD,MD
42162066,DORAL WEST 2015,Doral West Soccer Academy,FL,FL
42159103,BUSC 2015 Elite 2,Ballistic United,CAN,CAN
42159311,Mexico 2015 Black,Ceres Rush,CAN,CAN
42158297,WLUSC 2015 Boys Nolan -Warriors Gold,Western Lehigh United SC,PAE,PAE
42159358,Mt. Diablo Mustang 2015B Red,Mt Diablo Mustang Soccer,CAN,CAN
42159467,ALBION SC IDAHO B15 Academy,ALBION SC Idaho,ID,ID
42175642,B15 EA,ALBION SC San Diego,CAS,CAS
42163767,NINJA West Little Lion,NINJA West Football Academy,CAN,CAN
42159998,B2015 Elite Academy Porto,HBC Soccer Club (LIJSL),NYE,NYE
42159195,Ajax St. Louis The Reds 2015,Ajax St Louis SC,MO,MO
42160470,15B Pre Ecnl White,RISE Soccer Club,TXS,TXS
42161450,Sporting Springfield 15 Benfica,Sporting Springfield,MO,MO
42175911,Real Reno,Independent Teams - Nevada Youth Soccer,NV,NV
42159732,2015 Boys South Pre-ECNL Black,Delaware Football Club,DE,DE
42160251,BH Rapids 2015 Boys Burgundy,Black Hills Rapids SC,SD,SD
42159362,Sierra Surf 2015B Blue,Sierra Surf SC,NV,NV
42176102,VV FC 15B Vya,VV FC,TXN,TXN
42162646,Driftwood Dragons 2015/2016,Driftwood Youth Sports Inc,FL,FL
42162215,B15 Gold,SoCal Elite FC,CAS,CAS
42162399,Villarreal NTX 2015B,Villarreal NTX,TXN,TXN
42160819,U11 Boys 2015 Black,Phoenixville Area SC,PAE,PAE
42159584,FC Lazio,Gold Coast FC,NYE,NYE
42158365,B2015 South,Nomads,CAS,CAS
42159325,South Valley Chivas 2015 Navy,South Valley Chivas Academy,CAN,CAN
42159444,San Jose Rush 16B Academy,San Jose Rush,CAN,CAN
42158939,15B Pre NPL,Bay Area Surf,CAN,CAN
42160161,Brazas 2015 Boys Gold Diego Rangel,Brazas Futebol Club,AZ,AZ
42158376,LA B15 FC,Legends FC (CA),CAS,CAS
42160940,WASA SC 2015 White,"Forge FC, Inc.",FL,FL
42175376,Ceres Rush Roma CDP Red 2015,Ceres Rush,CAN,CAN
42159999,Sharks 2015 Academy White,Merrick/South Merrick PAL,NYE,NYE
42160163,B15 Academy,ALBION SC Silicon Valley,CAN,CAN
42162625,Latinos Soccer Club 15A,Latinos Soccer Club,CAN,CAN
42162477,Rangers Blue 2015,Olney Boys and Girls Club Community Sports Association,MD,MD
42158228,North B15 Castillon,CDA Slammers,CAS,CAS
42159279,SF Glens Academy 15B Pre-MLS II Saints,San Francisco Glens Soccer Club,CAN,CAN
42158322,California Rush B15 Azul - Huntington Beach,California Rush Soccer Club,CAS,CAS
42160062,Chaos,Garden City (LIJSL),NYE,NYE
42158653,FHFC 2015 B White,Florida Hawks Futbol Club,FL,FL
42160569,DKSC 15B GUERRERO,DKSC,TXN,TXN
42160012,Stallions,Smithtown Kickers SC (LIJSL),NYE,NYE
42161331,Calexico Earthquakes 2015,Calexico Earthquakes,CAS,CAS
42162541,HSP 2015 NEXT PRO I,High Soccer Prospects,FL,FL
42160704,Lions U11 Red (2015),Miami Futbol Academy Rush ,FL,FL
42161714,chivas academy LA 2015,Chivas Academy LA,CAS,CAS
42160038,Red Inferno 2015,East Islip Soccer Club ,NYE,NYE
42161742,InterGNV 15/16 USL-Y,Inter Gainesville KF,FL,FL
42160077,KP United 2015 White,Kings Park SC,NYE,NYE
42158703,Mustang SC Tigers 15M,Mustang Soccer,CAN,CAN
42159937,Coppell FC 15B Hernandez Black,Coppell Youth SA,TXN,TXN
42160411,2015 Boys National,Real Colorado,CO,CO
42158937,2015 Black,Athletic Club Miami,FL,FL
42158190,Corona B15 Aguirre,Sporting California USA,CAS,CAS
42158918,2015B Pre-MLS Next Academy,Elk Grove Soccer,CAN,CAN
42172885,2015B Pre-Academy,Arlington SA,VA,VA
42169579,St . Louis Stars SC 15 Boys Academy White,St. Louis Stars SC,MO,MO
42159844,URUGUAYAN RENEGADES 2015,Uruguayan NY Soccer Club,NYE,NYE
42158564,2015 Rush 2 Boys,PA Rush,PAE,PAE
42160465,Hodler U10 PRE ECNL 2,Tropical Soccer,FL,FL
42176872,Pittsburgh Riverhounds 2015 Pre ECNL Boys,Pittsburgh Riverhounds,PAW,PAW
42159317,West Coast Tsunami '15,West Coast Soccer Tracy,CAN,CAN
42165255,Sharks Select,Valencia Soccer Academy,NJ,NJ
42162728,San Jose Rush 15B Blue,San Jose Rush,CAN,CAN
42160284,Vegas strong 2015,Vegas Strong SC,NV,NV
42175239,SPORTING BV Pre-MLS Next 15,Sporting Blue Valley,KS,KS
42159799,San Angelo Elite 15B,San Angelo Elite,TXN,TXN
42173247,B15 South Bay White,FASC,CAS,CAS
42158364,B15 South Bay Navy,FASC,CAS,CAS
42158856,Manteca Futbol Club 15B Red,MANTECA FUTBOL CLUB,CAN,CAN
42158595,2015 Boys Black,Radnor SC,PAE,PAE
42159588,GSA U11B Academy Green,Global Sports Academy,ID,ID
42160479,15B Echanove,RSL-AZ Southern AZ,AZ,AZ
42164560,SA United 15B,SA United Soccer Club,TXS,TXS
42158614,Marin FC B15Steel,Marin FC,CAN,CAN
42158865,City SC Kings County B2015 (Blue),City SC Kings County,CAN,CAN
42160134,Herndon 2015B FC Black,Herndon Youth Soccer,VA,VA
42160050,Arsenal,Central Islip SC (LIJSL),NYE,NYE
42158995,Almaden FC Mercury B15 Green,Almaden FC,CAN,CAN
42160282,Blades 2015B Red,Casper SC,WY,WY
42159861,WP Academy 2015 Pre-National,White Plains YS,NYE,NYE
42159108,FC Central Illinois 2015B Select,FC Central Illinois,IL,IL
42160260,Vegas United ‘15 Boys Academy,Vegas United Soccer Club,NV,NV
42159290,2015B Red,OV Toros FC,CAN,CAN
42164172,SWFL B15 BLACK,Florida Premier FC,FL,FL
42176965,Naples Elite SC 2015 MI,Naples Elite Soccer Club,FL,FL
42158027,Turlock Sports Park FC 2015 Boys Gold,TSP FC,CAN,CAN
42159631,Henderson LVSA '15B Silver,Henderson-LVSA,NV,NV
42161905,RSL El Paso 2015,El Paso Premier League,TXS,TXS
42158688,St Petersburg FC Boys 2015 SPFC Team 2,St. Petersburg Football Club,FL,FL
42159077,WSC Crush 15 Boys Black,WSC Crush,CAN,CAN
42159733,B15 White,Albertson Soccer Club,NYE,NYE
42158256,TFA-SGV B2015,TOTAL FUTBOL ACADEMY (CA),CAS,CAS
42158861,Revolution 15B Yellow,Revolution FC,CAN,CAN
42175931,SDSC Surf Pre-RL B15,SDSC Surf,CAS,CAS
42158113,Ball Masters Lions 2015,Ball Masters,NYE,NYE
42164217,ESC ELITE ACADEMY 2015 BOYS GOLD,Edmond SC,OK,OK
42159521,Met Oval Academy 2015 White,Met Oval,NYE,NYE
42158624,Washington United 2015 Boys,WTSC,NJ,NJ
42158133,2015 Boys Blue,Deep Run Valley,PAE,PAE
42176609,CUP 15B Black,Cincinnati United,OH,OH
42159495,B2015 Blue (Aces),Atlantic United SB/LGN SC,NYE,NYE
42160536,CUSM 15B AS ROMA,Cincinnati United,OH,OH
42161930,Dallas Texans Pre-ECNL 15B Mendoza,Dallas Texans,TXN,TXN
42159404,Gavilanes 2015,Real Salinas,CAN,CAN
42159134,Glen-Ed SC 15B Elite,Glen-Ed SC,IL,IL
42159815,Arsenal,Madison SC Inc.,NJ,NJ
42175483,Olimpico fc b2015,Olimpico FC,CAS,CAS
42160988,LMFC B2015 Castillon,LMFC,CAS,CAS
42158877,FLS 15B Premier III,Folsom Lake Surf,CAN,CAN
42160399,TAG 15B Gold,TAG Soccer,TXN,TXN
42159745,NSC U10 McGrenahan,Nazareth Soccer Club,PAE,PAE
42158892,B2015 Premier,JP Soccer,NYE,NYE
42158432,CVSJ 15B Ultras,Central Valley San Jose SC,CAN,CAN
42172361,2015 Boys White EDP - Osorio,Clarkstown Soccer Club,NYE,NYE
42159435,Stanford Strikers 15B Red South,Stanford Strikers FC,CAN,CAN
42158273,TFA NE B2015 Evolve Navy,TOTAL FUTBOL ACADEMY (CA),CAS,CAS
42168878,Beachside North NEAL U11 (2015),Beachside Soccer Club CT,CT,CT
42158743,Mutiny SC 2015B Black,North Manatee Soccer,FL,FL
42161884,NJ Surf Mercer 2015 Boys,New Jersey Surf,NJ,NJ
42163862,Quad Cities Rush 2015,,IL,IL
42159207,Valley Surf 15B Academy II,Valley Surf | America,CAN,CAN
42159059,Walnut Creek Surf 15B Black,Walnut Creek Surf Soccer Club,CAN,CAN
42159132,Belmont United 15B Sounders Green,Belmont United Soccer Club,CAN,CAN
42159862,FSA U11 Boys,Fox Soccer Academy Premier ,NYE,NYE
42174465,CARBA Football Club B2015,,CAS,CAS
42177003,CES - Real Betis Academy Miami - Elite 2015,Coral Estates S.C.,FL,FL
42159568,Gunners - Campos FC 2015B,Independent Teams - NTX,TXN,TXN
42158348,Santa Rosa Empire SC 15B Thunder,Santa Rosa Empire Soccer Club,CAN,CAN
42160245,CUSE 15B Arsenal,Cincinnati United,OH,OH
42161183,BRYC Academy B15 Pre-ECNL,Braddock Road Youth Club,VA,VA
42160804,Elite 2015 Red,Elite Soccer Academy (FL),FL,FL
42170117,LMYA Vipers 2015,Lower Mac Soccer,PAE,PAE
42159337,JSC 15B White,JSC Soccer Club,CAN,CAN
42174761,CF 15B North Black,Concorde Fire ,GA,GA
42159656,United FC B2015,Copiague Youth League,NYE,NYE
42158975,2015B Alliance - Lee Knights Squires,Mt Diablo Mustang Soccer,CAN,CAN
42158007,Philadelphia SC Surf 15 Blue,Philadelphia SC,PAE,PAE
42158988,JB Marine Gold 15B,JB Marine Soccer Club,MO,MO
42159929,MidState 2015 Boys,MidState Soccer Club,IL,IL
42161412,Arlington SA 2015B Red,Arlington Soccer Association,VA,VA
42160787,F.C. Horizon 2015 Boys Green,F.C. Horizon,AR,AR
42160300,Las Vegas Elite FC B15 Pre-EA,Las Vegas Elite FC,NV,NV
42160695,15B Hinds,RSL-AZ Southern AZ,AZ,AZ
42160852,SYC 2015B Blue,Springfield SYC Soccer,VA,VA
42159271,Illinois FC 2015 Boys Blue,Illinois FC,IL,IL
42160994,Sockers FC 2015 White,Sockers FC,IL,IL
42159028,Lemoore B15,Central Valley Premier FC,CAN,CAN
42158543,Parkwood Aaronson,Parkwood Youth Organization,PAE,PAE
42158451,TFA-NE B2015 Red,TOTAL FUTBOL ACADEMY (CA),CAS,CAS
42158410,LMSC 2015B Red,Lower Merion SC,PAE,PAE
42158153,2015 Boys Blue,Lehigh Valley United,PAE,PAE
42158001,B2015,South Valley Surf SC,CAS,CAS
42158061,B15 Premier Belleh,Express Soccer,CAS,CAS
42161080,Freedom Soccer Club 2015 Boys Blue,,MD,MD
42160609,2015 Boys Black,Pinecrest Premier Soccer,FL,FL
42159410,15B Gray,Sacramento United,CAN,CAN
42158669,TBU 2015B South Red WFPL,Tampa Bay United,FL,FL
42162095,Catalyst 15 NW,HTX,TXS,TXS
42162834,2015B Navy,Islandia SC PAL,NYE,NYE
42158280,ELI7E FC- LEGACY 2015,ELI7E FC ,CAS,CAS
42159931,CCV Stars 15 Boys North Navy,CCV STARS,AZ,AZ
42159322,TAHUICHI F.C. 2015B-RED,Tahuichi F.C. Youth Soccer,CAN,CAN
42160650,Shore FC 2015 Boys Black,Shore FC,MD,MD
42161210,A.S. Junior Elite 2015 Boys,AS Junior Elite,NJ,NJ
42158105,15B EA2,Sand and Surf SC,CAS,CAS
42164227,HB B15 Castaneda,City SC Southwest,CAS,CAS
42158678,Gunners 2015B Academy White,Gunners Soccer Club,MO,MO
42158418,B15 Academy 2,Rebels Soccer Club,CAS,CAS
42159247,Metro Alliance FC 2015B Southern IL Navy,Metro Alliance FC ,IL,IL
42161219,CAU Force 2015B Pre-ECNL,Canton Akron United Force,OH,OH
42161190,PFC 2015,Palacios Futbol Club (PFC),ID,ID
42158819,Kolping Kicks SC Weiss 2015,Kolping Kicks SC,MO,MO
42158259,B15,Apple Valley SC Storm,CAS,CAS
42160606,The ACDMY 15B Elite II,The ACDMY,TXS,TXS
42161754,Evolution 2015 Boys Mercurial South,Evolution SC,IL,IL
42159206,Valley Surf 15B Academy I,Valley Surf | America,CAN,CAN
42163716,2015 BOYS ECNL DEV 2,Sporting Jax Soccer Academy,FL,FL
42161286,Deportivo Mexico 15B,Renegades Soccer Club,AZ,AZ
42164268,SSC 15B Black,Sting Soccer Club,ID,ID
42160731,GSC 2015 Boys (Green),Geneseo Soccer Club,IL,IL
42171934,SLSG IL B 2015 Academy Black,St. Louis Scott Gallagher,IL,IL
42162927,Downtown SC Boys 2015,Downtown LA Soccer Club,CAS,CAS
42159468,ALBION SC IDAHO MH B15 Academy,ALBION SC Idaho,ID,ID
42161951,Catalyst 15 E,HTX,TXS,TXS
42175770,MUSC 2015 Boys Premier,Monmouth United Soccer,NJ,NJ
42161011,JAM Doral - Bonucci,,FL,FL
42160324,United FC 15B Blue,United FC Waco,TXN,TXN
42158821,Davis Legacy 15B Black,Davis Legacy Soccer Club,CAN,CAN
42159398,Audax 2015B Orange,Audax Soccer Club,CAN,CAN
42158542,Lincoln FC 15B White,Lincoln FC,CAN,CAN
42158689,OBSC 2015 Boys Red,Ormond Beach Soccer Club,FL,FL
42158412,HB B15 Sosa,CDA Slammers,CAS,CAS
42159810,Kosmos Dragons,Harborfields Soccer Club,NYE,NYE
42160572,RU ORANGE PRE ECNL 1 B15,Richmond United,VA,VA
42162685,SV6 2015B,SV6 Sports,CAN,CAN
42162623,NTX United FC 2015B Hume,NTX United FC,TXN,TXN
42161002,DC Eleven Football Club - Boys 2015 Black,DC XI Project,MD,MD
42162672,FC Prime Pre ECNL B15,FC Prime,FL,FL
42158557,2015 Rush Blue Boys,PA Rush,PAE,PAE
42158557,2015 Rush Blue Boys,PA Rush,PAE,PAE
42158175,Anaheim FC B2015 PDA II,Anaheim Futbol Club,CAS,CAS
42161992,Atletico Dallas Youth 15B Brandt,Atletico Dallas Youth,TXN,TXN
42164977,JUVENTUS AH-2015-CHIELLINI EDPL,Juventus Academy Houston (JA),TXS,TXS
42160426,Freehold SL Elite Red Bulls,Freehold SL,NJ,NJ
42161524,South Shore 2015B AT Sky Blue Real,Select,MA,MA
42164105,Zorritos,Northern Nevada Soccer Club ,NV,NV
42162316,Ocala Premier 2015/2016 Boys Grey,Big Sun YSL,FL,FL
42160557,Miami Beach Football MBFC 2015,City of Miami Beach Soccer,FL,FL
42161668,Future_SA_15_White,Future Soccer Academy,NJ,NJ
42159065,Columbia Rush 2015B Blue,Columbia Rush Soccer Club,MO,MO
42158351,TFA-SW B2015 LAX,TOTAL FUTBOL ACADEMY (CA),CAS,CAS
42158457,ALBION SC Riverside B15 Premier I Fall Only,ALBION SC Riverside,CAS,CAS
42158736,FPFC 15B TRY ELITE,Florida Premier FC,FL,FL
42159443,San Jose Rush 16B Elite,San Jose Rush,CAN,CAN
42160780,Pittsburgh Riverhounds Academy 2015 Boys,,PAW,PAW
42160229,W P B FC LIONS BOYS 2015,West Palm Beach FC Lions,FL,FL
42158910,Hawks FC Mexico 2015B,Hawks FC,MO,MO
42159239,Bay Oaks 2015B Premier,East Bay United,CAN,CAN
42160556,305 FC 2015,Tropical Soccer,FL,FL
42159086,B2015 MARC BERNAL,Barca Academy Pro NY,NYE,NYE
42159938,2015B Rangers,FC Tampa Rangers,FL,FL
42158084,B2015 SB Dodds,Beach Futbol Club,CAS,CAS
42175904,SPORTING BV Academy 15,Sporting Blue Valley,KS,KS
42158397,B2015 Premier - Suazo,City SC - San Marcos,CAS,CAS
42162557,FORCE BOYS 2015 BLACK,Indialantic Youth Soccer Association,FL,FL
42161547,Rose Tree Impact,Rose Tree SC,PAE,PAE
42163852,Demonios,,TXS,TXS
42161281,2015 Rush Boys,Phoenix Rush,AZ,AZ
42162259,DCSC Pre-ECNL B15,DC Soccer Club,MD,MD
42159969,LTSC 2015 Elite,Lutherville Timonium Soccer Club,MD,MD
42159323,SC LIONS 2015B BLACK,Santa Clara Youth Soccer League,CAN,CAN
42158700,San Ramon FC 15B Navy,San Ramon FC,CAN,CAN
42163739,Worland 10U Boys Bronze,Worland Soccer,WY,WY
42161937,PSG ACADEMY FL1 2015 LUCAS HERNANDEZ,PSG Academy FL,FL,FL
42158465,SMS 2015 Boys Premier,St. Mary's Soccer,MD,MD
42158430,BEACH FC 2015B NEYMAR,Beach FC,VA,VA
42168741,SAC Boys 2015 - Premier Blue,SAC/BA,MD,MD
42162589,JOGA B15,Joga Bonito (CA),CAS,CAS
42160162,B15 Premier,ALBION SC Silicon Valley,CAN,CAN
